ัÞใ วแใอึั,วำใ วแฬวใฺ/ใำฬฯ,วแใๆÞฺ,สวัํฮ วแาํวัษ (ๅฬัํ),วแสวัํฮ วแใํแวฯํ (สÞัํศํ),วแใำศศวส,วแลฬัวม วแใสฮะ,ัÞใ ฺฯวฯ วแ฿ๅัศวม,ไๆฺ วแใฮวแÝษ,
1,ใำฬฯ วแรใํั ุแวแ,วแัํวึ/วแไวีัํษ,21/12/1446,17/06/2025,สิÛํแ วแวไวัวส 2-ว฿ศวำ,สใส วแใฺวแฬษ,KFM2120660262195,สิÛํแ ใ฿ํÝวส วๆ วไวัษ ฮวัฬ วๆÞวส วแีแวษ,
2,ฬวใฺ Ýๅฯ วแÝๅํฯ,วแัํวึ/Ûัไวุษ,21/12/1446,17/06/2025,สิÛํแ วแวไวัวส 2-ว฿ศวำ,สใส วแใฺวแฬษ,KFM2020660174441,สิÛํแ ใ฿ํÝวส วๆ วไวัษ ฮวัฬ วๆÞวส วแีแวษ,
3,ใำฬฯ วแฬÝวแ,วแัํวึ/ ฺสํÞษ,21/12/1446,17/06/2025,1-สิÛํแ วแวไวัวส 2-ว฿ศวำ,สใส วแใฺวแฬษ,KFM2020660018905,สิÛํแ ใ฿ํÝวส วๆ วไวัษ ฮวัฬ วๆÞวส วแีแวษ,
4,ฬวใฺ รใ วแใฤใไํไ,วแัํวึ/ Ûัไวุษ,21/12/1446,17/06/2025,1-สิÛํแ วแวไวัวส 2-ว฿ศวำ,สใส วแใฺวแฬษ,KFM2020660176771,สิÛํแ ใ฿ํÝวส วๆ วไวัษ ฮวัฬ วๆÞวส วแีแวษ,
5,ใำฬฯ ไๆัษ วแฺำวÝ,วแัํวึ/ อุํไ,22/12/1446,18/06/2025,สิÛํแ ฬใํฺ วแใ฿ํÝวส วแใั฿าํษ,สใส วแใฺวแฬษ,KFM2020660053662,สิÛํแ ใ฿ํÝวส วๆ วไวัษ ฮวัฬ วๆÞวส วแีแวษ,
6,ฬวใฺ ัํวึ วแีวแอํไ,วแัํวึ/ วแใัๆฬ,22/12/1446,18/06/2025,ๆฬๆฯ ศัวฯวส 2-สิÛํแ ร฿ศวำ,สใส วแใฺวแฬษ,KFM2020660173656,สิÛํแ ใ฿ํÝวส วๆ วไวัษ ฮวัฬ วๆÞวส วแีแวษ,
7,ฬวใฺ ำแํใวไ วแศำวใ,วแัํวึ/ Þัุศษ,23/12/1446,19/06/2025,ลไวัวส 2- ร฿ศวำ ฮวัฬํษ 3- ศแวาใว,สใส วแใฺวแฬษ,KFM2120660256039,สิÛํแ ใ฿ํÝวส วๆ วไวัษ ฮวัฬ วๆÞวส วแีแวษ,
8,ฬวใฺ วแใแ฿ Ýๅฯ,วแัํวึ / วแไวีัํษ,21/12/1446,17/06/2025,สฺฯํ ฿ๅัศวม ำอศ ฿ํศแ 2-สิÛํแ วแลไวัวส ๆวแร฿ศวำ 3-วแส฿ํํÝ,สใส วแใฺวแฬษ,KFM2120660300949,สฺฯํ แแ฿ๅัศวม,
9,ฬวใฺ ใอใฯ วแÞวึํ,วแัํวึ / วแสฺวๆไ,22/12/1446,18/06/2025,วัสศวุ ใฯัำษ-ว฿ศวำ 3-ส฿ํํÝ 4-ฺฯใ ลÛแวÞ ฯๆัวส วแใํวๅ 5-สฺฯํ ฮํใสํไ,สใส วแใฺวแฬษ,KFM2020660173879,สฺฯํ แแ฿ๅัศวม,
10,ฬวใฺ รแ ฺิํๆวไ,วแัํวึ / ฺัํฬวม วแๆำุ์,21/12/1446,17/06/2025,ลไวัวส 2-ใแวอÞ Ýํ ำัอษ วแฬวใฺ ใัสศุษ ใฺ วแ฿ๅัศวม.,สใส วแใฺวแฬษ,KFM2020660164488,สิÛํแ ใ฿ํÝวส วๆ วไวัษ ฮวัฬ วๆÞวส วแีแวษ,
11,ฬวใฺ ๆวแฯษ วแรใํั ศไฯั,วแัํวึ / วแไฯ์,23/12/1446,19/06/2025,ใÛำแษ รใๆวส ใัสศุษ ใฺ ฺฯวฯ วแ฿ๅัศวม 2-ใแอÞ ำ฿ไํ ÝๆÞ ฯๆัวส วแใํวๅ ใัสศุษ ใฺ ฺฯวฯ วแ฿ๅัศวม 3-ลไวัวส,สใส วแใฺวแฬษ,KFM2020660207557,ใำสÛแษ ใไ Þศแ วแฺใวแษ,
12,ใำฬฯ ุๆํÞ วแÛัศํ,วแัํวึ/ ุๆํÞ,21/12/1446,17/06/2025,ๆฬๆฯ ฿ํวศแ ใๆีแๅ ใไ ÛัÝษ วแ฿ๅัศวม ลแ์ ำ฿ไ วแใไำๆศํไ,สใส วแใฺวแฬษ,KFM2020660173463,ใำสÛแษ ใไ Þศแ วแฺใวแษ,
13,ฬวใฺ วแอใัวม,วแัํวึ / วแอใัวม,21/12/1446,17/06/2025,สิÛํแ วแลไวัวส 2-สิÛํแ วแใ฿ํÝวส,สใส วแใฺวแฬษ,KFM2020660133855,สิÛํแ ใ฿ํÝวส วๆ วไวัษ ฮวัฬ วๆÞวส วแีแวษ,
14,ฬวใฺ ใอใฯ วแัวฬอํ,วแัํวึ / วแัÝํฺษ,21/12/1446,17/06/2025,สิÛํแ ลไวัวส 2-สิÛํแ ใ฿ํÝวส 3-สิÛํแ วแลึวมวส,สใส วแใฺวแฬษ,KFM2020660051622,สิÛํแ ใ฿ํÝวส วๆ วไวัษ ฮวัฬ วๆÞวส วแีแวษ,
15,ฬวใฺ วแอใํึํ,วแัํวึ / วแีอวÝษ,23/12/1446,19/06/2025,สิÛํแ วแลไวัษ 2-สิÛํแ วแส฿ํํÝ,สใส วแใฺวแฬษ,KFM2020660213089,สิÛํแ ใ฿ํÝวส วๆ วไวัษ ฮวัฬ วๆÞวส วแีแวษ,
16,ฬวใฺ วแฮึํั,วแัํวึ / วแใๆไำํษ,22/12/1446,18/06/2025,ำอศ ำแ฿ ลแ์ ใัÝÞ ใำสÞฺุ ใไ ำ฿ไ วแใไำๆศํไ 2-รÝํวิ ฮวัฬํษ 3-สิÛํแ ร฿ศวำ,สใส วแใฺวแฬษ,KFM2020660195200,ใำสÛแษ ใไ Þศแ วแฺใวแษ,
17,ใำฬฯ รแ ๅํÝ,วแฮัฬ,27/12/1446,23/06/2025,1-ีÛํั ๆํÞฺ Ýํ ใแ฿ ฮวี 2-สิÛํแ วแส฿ํํÝ,สใส วแใฺวแฬษ,KFM2020660205792,สิÛํแ ใ฿ํÝวส วๆ วไวัษ ฮวัฬ วๆÞวส วแีแวษ,
18,ฬวใฺ รแ อÝํู,วแฮัฬ,27/12/1446,23/06/2025,ใัÝÞ ÝๆÞ ฯๆัวส วแใํวๅ 2-สิÛํแ วแส฿ํํÝ,สใส วแใฺวแฬษ,KFM2120660260644,สิÛํแ ใ฿ํÝวส วๆ วไวัษ ฮวัฬ วๆÞวส วแีแวษ,
19,ฬวใฺ วแสัวึํ,วแฮัฬ,27/12/1446,23/06/2025,สิÛํแ ลไวัวส 2-ใศไ์ ฯวั สอÝํู ใแวีÞๅ แแฬวใฺ,สใส วแใฺวแฬษ,KFM2120660245992,สิÛํแ ใ฿ํÝวส วๆ วไวัษ ฮวัฬ วๆÞวส วแีแวษ,
20,ใำฬฯ อำํไ ศไ ฺแํ,วแฮัฬ,28/12/1446,24/06/2025,1-สฺฯํ ฿ๅัศวม ำอศ ฿ํวศแ ลแ์ รฺใฯษ ลไวัวๅ 2-สิÛํแ ร฿ศวำ,สใส วแใฺวแฬษ,KFM2120660270832,สฺฯํ แแ฿ๅัศวม,
21,ฬวใฺ วแฺวแํษ,วแฮัฬ,27/12/1446,23/06/2025,1-ลำสÛแวแ ใศไ์ ใÛำแษ รใๆวส ๆสอๆํแๅ ลแ์ ÛัÝ ำ฿ไํษ แแลํฬวั ใัสศุษ ศฺฯวฯ วแ฿ๅัศวม,สใส วแใฺวแฬษ,KFM2120660300267,ใำสÛแษ ใไ Þศแ วแฺใวแษ,
22,ใำฬฯ ํๆำÝ วแำวแใ,วแฮัฬ,27/12/1446,23/06/2025,1-ลำสอฯวห ใัÝÞ 2-ว฿ศวำ Ûวาํษ 3-วแส฿ํํÝ,สใส วแใฺวแฬษ,KFM2120660245994,สิÛํแ ใ฿ํÝวส วๆ วไวัษ ฮวัฬ วๆÞวส วแีแวษ,
23,ฬวใฺ Ýๅฯ วแิฯํ,วแฮัฬ,27/12/1446,23/06/2025,1-ๆฬๆฯ ฺฯวฯ ฿ๅัศวม ํฮฯใ วแฬใฺํษ สวศฺ แแๆาวัษ,สใส วแใฺวแฬษ,KFM2120660260574,รฮั์,
23,ใำฬฯ ลศัวๅํใ วแีÛํั,วแฮัฬ,27/12/1446,23/06/2025,1-สิÛํแ ใ฿ํÝวส 2-ว฿ศวำ 3-ฺฯใ ลÛแวÞ ฯๆัวส วแใํวๅ.,สใส วแใฺวแฬษ,KFM2120660245969,สิÛํแ ใ฿ํÝวส วๆ วไวัษ ฮวัฬ วๆÞวส วแีแวษ,
24,ฬวใฺ วแศัษ,วแฮัฬ,29/12/1446,25/06/2025,วำสÛแวแ ใีแ์ วแไำวม ใไ Þศแ ใÞํใ 2-สิÛํแ วแส฿ํํÝ,สใส วแใฺวแฬษ,KFM2020760076369,ใำสÛแษ ใไ Þศแ วแฺใวแษ,
25,ฬวใฺ วแ ๅสแวไ,วแฮัฬ,28/12/1446,24/06/2025,1-สฺฯํ ฿ๅัศวม ำอศ ฿ํศแ ลแ์ รฺใฯษ ลไวัษ 2-สิÛํแ วแส฿ํํÝ 3-ฺฯใ ลÛแวÞ วแฬวใฺ 4-ฺฯใ ลÛแวÞ ฯๆัวส วแใํวๅ,สใส วแใฺวแฬษ,KFM2020660207867,สฺฯํ แแ฿ๅัศวม,
26,ใำฬฯ ใิฺแ ศไ ฺศฯ วแฺาํา,วแฮัฬ,28/12/1446,24/06/2025,1-สฺฯํ ฿ๅัศวม ำอศ ฿ํศแ ลแ์ ใฬแำ 2-สฺฯํ ฿ๅัศวม ำอศ ำแ฿ ลแ์ ลไวัวส ๆฺÞๆฯ,สใส วแใฺวฬษ,MMF2020800092693,สฺฯํ แแ฿ๅัศวม,
27,ใำฬฯ ฺใั วแอวัหํ,วแฮัฬ,27/12/1446,23/06/2025,1-สิÛํแ ร฿ศวำ,สใส วแใฺวแฬษ,KFM2120660270849,สิÛํแ ใ฿ํÝวส วๆ วไวัษ ฮวัฬ วๆÞวส วแีแวษ,
28,ใำฬฯ ฺํฯ วแิใัํ,วแฮัฬ,01/01/1447,27/06/2025,สิÛํแ ร฿ศวำ 2-สิÛํแ วแลไวัวส วแฯวฮแํษ,สใส วแใฺวแฬษ,KFM2020660177798,สิÛํแ ใ฿ํÝวส วๆ วไวัษ ฮวัฬ วๆÞวส วแีแวษ,
29,ใำฬฯ ใๅฯํ รแ ัิํฯ,วแฮัฬ,28/12/1446,24/06/2025,1-ร฿ศวำ 2-ส฿ํํÝ 3-ๆฺฯใ ลÛแวÞ วแใำฬฯ,สใส วแใฺวแฬษ,KFM2020660169669,สิÛํแ ใ฿ํÝวส วๆ วไวัษ ฮวัฬ วๆÞวส วแีแวษ,
30,ใำฬฯ วแใÞฯวฯ,วแฮัฬ,01/01/1447,27/06/2025,1-ว฿ศวำ2-ฺฯใ วÛแวÞ ฯๆัวส วแใํวๅ ๆวแวไวัวส,สใส วแใฺวแฬษ,KFM2020660210989,สิÛํแ ใ฿ํÝวส วๆ วไวัษ ฮวัฬ วๆÞวส วแีแวษ,
31,ฬวใฺ วแัวิฯํษ,วแฮัฬ,29/12/1446,25/06/2025,ว฿ศวำ Ûวาํษ 2-วไวัวส,สใส วแใฺวแฬษ,KFM2120660246032,สิÛํแ ใ฿ํÝวส วๆ วไวัษ ฮวัฬ วๆÞวส วแีแวษ,
32,ใำฬฯ อะํÝษ ศไ วแํใวไ,วแฮัฬ,01/01/1447,27/06/2025,สิÛํแ วไวัวส,สใส วแใฺวแฬษ,KFM2020660229216,สิÛํแ ใ฿ํÝวส วๆ วไวัษ ฮวัฬ วๆÞวส วแีแวษ,
33,ใำฬฯ วแใแ฿ Ýํีแ,วแฮัฬ,01/01/1447,27/06/2025,สิÛํแ ใ฿ํÝวส,สใส วแใฺวแฬษ,KFM2120660260637,สิÛํแ ใ฿ํÝวส วๆ วไวัษ ฮวัฬ วๆÞวส วแีแวษ,
34,ใำฬฯ ำฺํฯ ศไ ใำํศ,วแฮัฬ,01/01/1447,27/06/2025,1-ว฿ศวำ Ûวาํษ 2-ฺฯใ วÛแวÞ ฯๆัวส วแใํวๅ,สใส วแใฺวแฬษ,KFM2120660270820,สิÛํแ ใ฿ํÝวส วๆ วไวัษ ฮวัฬ วๆÞวส วแีแวษ,
35,ฬวใฺ วแฺา ศไ ฺศฯ วแำแวใ,วแฮัฬ,01/01/1447,27/06/2025,ว฿ศวำ Ûวาํษ,สใส วแใฺวแฬษ,KFM2120660246007,สิÛํแ ใ฿ํÝวส วๆ วไวัษ ฮวัฬ วๆÞวส วแีแวษ,
36,ใำฬฯ วแใÞวศแษ,วแฮัฬ,29/12/1446,25/06/2025,ฺฯใ วÛแวÞ ฯๆัวส วแใํวๅ,สใส วแใฺวแฬษ,KFM202660228349,สิÛํแ ใ฿ํÝวส วๆ วไวัษ ฮวัฬ วๆÞวส วแีแวษ,
37,ใำฬฯ ไๆัๅ วแอัศํ,วแฮัฬ,28/12/1146,24/06/2025,รำสอฯวห ใัÝÞ ใัสศุ ศวแ฿ๅัศวม –สิÛํแ ฿ิวÝวส วแฮวัฬํษ,สใส วแใฺวแฬษ,KFM2120660246012,สิÛํแ ใ฿ํÝวส วๆ วไวัษ ฮวัฬ วๆÞวส วแีแวษ,
39,ฬวใฺ วแศีัํ,วแฮัฬ,1/1/1447,27/06/2025,ว฿ศวำ Ûวาํษ ๆ วแวไวัวส,สใส วแใฺวแฬษ,KFM2020660210948,สิÛํแ ใ฿ํÝวส วๆ วไวัษ ฮวัฬ วๆÞวส วแีแวษ,
40,ใำฬฯ วแฺํๆไ,วแฮัฬ,28/12/1446,24/06/2025,สิÛํแ วแวไวัวส วแฮวัฬํษ ๆวแฯวฮแํษ ๆฺฯใ วÛแวÞ ใีแ์ วแไำวม ๆัๆวส วแใํวๅ,สใส วแใฺวแฬษ,MMF2020800218822,สิÛํแ ใ฿ํÝวส วๆ วไวัษ ฮวัฬ วๆÞวส วแีแวษ,
41,ใำฬฯ วแไฯ์,วแฮัฬ,1/1/1447,27/06/2025,ว฿ศวำ Ûวาํษ,สใส วแใฺวแฬษ,KFM2120660264298,สิÛํแ ใ฿ํÝวส วๆ วไวัษ ฮวัฬ วๆÞวส วแีแวษ,
42,ใำฬฯ วแัÝฺํษ,วแฮัฬ,01/01/*1447,27/06/2025,สิÛํแ-วแวึวมส ๆวแส฿ํÝ-ฺฯใ วÛแวÞ วแใำฬฯ,สใส วแใฺวแฬษ,KFM2120660264221,สิÛํแ ใ฿ํÝวส วๆ วไวัษ ฮวัฬ วๆÞวส วแีแวษ,
43,ใำฬฯ วแำศํฺํ,วแฮัฬ,01/01/1447,27/06/2025,ว฿ศวำ Ûวาํษ,สใส วแใฺวแฬษ,KFM2020660229231,สิÛํแ ใ฿ํÝวส วๆ วไวัษ ฮวัฬ วๆÞวส วแีแวษ,
44,ใำฬฯ ะํ วแไๆัํไ,วแฮัฬ,28/12/1446,24/06/2025,ว฿ศวำ Ûวาํษ,สใส วแใฺวแฬษ,KFM2120660260565,สิÛํแ ใ฿ํÝวส วๆ วไวัษ ฮวัฬ วๆÞวส วแีแวษ,
45,ใำฬฯ ใฺวๆํษ ศไ วศํ ำÝํวไ,วแฮัฬ,29/12/1446,25/06/2025,สิÛํแ วแส฿ํÝ,สใส วแใฺวแฬษ,KFM2120660260583,สิÛํแ ใ฿ํÝวส วๆ วไวัษ ฮวัฬ วๆÞวส วแีแวษ,
46,ฬวใฺ วแใแ฿ Ýๅฯ,วแฮัฬ,28/12/1446,24/06/2025,วึวมวส ฮวัฬํษ -สิÛํแ วแส฿ํÝ,สใส วแใฺวแฬษ,KFM2120660260690,สิÛํแ ใ฿ํÝวส วๆ วไวัษ ฮวัฬ วๆÞวส วแีแวษ,
47,ใำฬฯ ใๆำ์ ศไ ไีํั,วแฮัฬ,28/12/1446,24/06/2025,แวํๆฬฯ,สใส วแใฺวแฬษ,KFM2120660274609,,
48,ใำฬฯ ฺศฯ วแแๅ ศไ วแฺศวำ,วแฮัฬ,28/12/1446,24/06/2025,ใแอÞ ำ฿ไํ ใัสศุ ศฺฯวฯ วแ฿ๅัศวม –ฺฯใ วÛแวÞ วแใำฬฯ,สใส วแใฺวแฬษ,KFM2120660260654,ใำสÛแษ ใไ Þศแ วแฺใวแษ,
49,ใำฬฯ วแวใวใ วแิๆ฿วไํ,วแฮัฬ,28/12/1446,24/06/2025,ว฿ศวำ ฮวัฬํษ,สใส วแใฺวแฬษ,KFM2020660231486,สิÛํแ ใ฿ํÝวส วๆ วไวัษ ฮวัฬ วๆÞวส วแีแวษ,
50,ใำฬฯ วศํ รํๆศ วแวไีวัํ,วแฮัฬ,28/12/1446,24/06/2025,สิÛํแ วแวไวัวส วแฮวัฬํษ วำสอฯห ใัÝÞ ใัสศุ ศวแ฿ๅัศวม,สใส วแใฺวแฬษ,KFM2020660212211,สิÛํแ ใ฿ํÝวส วๆ วไวัษ ฮวัฬ วๆÞวส วแีแวษ,
51,ใำฬฯ อํ วแาวๅั,วแฮัฬ,27/12/1446,23/06/2025,สิÛํแ วแส฿ํÝ –ฺฯใ วÛแวÞ ฯๆัวส วแใํวๅ,สใส วแใฺวแฬษ,KFM2020660230162,สิÛํแ ใ฿ํÝวส วๆ วไวัษ ฮวัฬ วๆÞวส วแีแวษ,
52,ใำฬฯ ำใัๅ ศไ ฬไฯศ,วแฮัฬ,27/12/1446,23/06/2025,สิÛํแ ว฿ศวำ Ûวาํษ ๆวึวมวส ฮวัฬํษ –สิÛํแ วแส฿ํÝ-ฺฯใ วÛแวÞ ฯๆัวส วแใํวๅ,สใส วแใฺวแฬษ,KFM2020660230167,สิÛํแ ใ฿ํÝวส วๆ วไวัษ ฮวัฬ วๆÞวส วแีแวษ,
53,ฬวใฺ วแำๅศวม,วแฮัฬ,27/12/1446,23/06/2025,สิÛํแ ว฿ศวำ,สใส วแใฺวแฬษ,KFM2020660230893,สิÛํแ ใ฿ํÝวส วๆ วไวัษ ฮวัฬ วๆÞวส วแีแวษ,
54,ใำฬฯ ฺวฦิษ ศไส วแีฯํÞ,วแฮัฬ,28/12/1446,24/06/2025,ว฿ศวำ Ûวาํษ วึวมวส –ฺฯใ วÛแวÞ ฯๆัวส วแใํวๅ,สใส วแใฺวแฬษ,KFM2020660230227,สิÛํแ ใ฿ํÝวส วๆ วไวัษ ฮวัฬ วๆÞวส วแีแวษ,
55,ฬวใฺ วแไๅึษ,วแฮัฬ,28/12/1446,24/06/2025,ว฿ศวำ Ûวาํษ –สิÛํแ วแส฿ํÝ,สใส วแใฺวแฬษ,KFM2120660264343,สิÛํแ ใ฿ํÝวส วๆ วไวัษ ฮวัฬ วๆÞวส วแีแวษ,
56,ฬวใฺ วแำแใํษ,วแฮัฬ,29/12/1446,25/06/2025,สิÛํแ วึวมวส – สิÛํแ วแส฿ํÝ,สใส วแใฺวแฬษ,KFM2020660202728,สิÛํแ ใ฿ํÝวส วๆ วไวัษ ฮวัฬ วๆÞวส วแีแวษ,
57,ใำฬฯ ไÝแ,วแฮัฬ,01/01/1447,27/06/2025,สิÛํแ วแส฿ํÝ,สใส วแใฺวแฬษ,,สิÛํแ ใ฿ํÝวส วๆ วไวัษ ฮวัฬ วๆÞวส วแีแวษ,
58,ใำฬฯ ไวีั ฺศํฯ,วแฮัฬ,28/12/1446,24/06/2025,สิÛํแ ว฿ศวำ ฮวัฬํษ-สิÛํแ วแ฿ํÝ,สใส วแใฺวแฬษ,KFM2020660230873,สิÛํแ ใ฿ํÝวส วๆ วไวัษ ฮวัฬ วๆÞวส วแีแวษ,
59,ใำฬฯ ิฮํษ วศไ Ýๆวา,วแฮัฬ,01/01/1447,27/06/2025,วไวัวส ฮวัฬํษ –สิÛํแ วแส฿ํÝ,สใส วแใฺวแฬษ,KFM2020760176414,สิÛํแ ใ฿ํÝวส วๆ วไวัษ ฮวัฬ วๆÞวส วแีแวษ,
60,ใำฬฯ ฺสํÞ วศไ Ýๆวา,วแฮัฬ,01/01/1447,27/06/2025,สิÛํแ วแส฿ํÝ,สใส วแใฺวแฬษ,KFM2020660212408,สิÛํแ ใ฿ํÝวส วๆ วไวัษ ฮวัฬ วๆÞวส วแีแวษ,
61,ใำฬฯ ฺแ์ วแๆวศแ,วแฮัฬ,01/01/1447,27/06/2025,สิÛํแ ว฿ศวำ – สิÛํแ วแส฿ํÝ,สใส วแใฺวแฬษ,KFM2020660230136,สิÛํแ ใ฿ํÝวส วๆ วไวัษ ฮวัฬ วๆÞวส วแีแวษ,
62,ใำฬฯ วแลำ฿วไ,วแฮัฬ,01/01/1447,27/06/2025,สิÛํแ วแส฿ํÝ,สใส วแใฺวแฬษ,KFM2120660274742,สิÛํแ ใ฿ํÝวส วๆ วไวัษ ฮวัฬ วๆÞวส วแีแวษ,
63,ฬวใฺ วแ ฯÛํใ,วแฮัฬ,29/12/1446,25/06/2025,วไวัส วแฯวฮแํษ – สิÛํแ วแส฿ํÝ,สใส วแใฺวแฬษ,KFM2020660210920,สิÛํแ ใ฿ํÝวส วๆ วไวัษ ฮวัฬ วๆÞวส วแีแวษ,
64,ฬวใฺ ฺฬํวไ รแ ฿สวศ,วแฮัฬ,01/01/1447,27/06/2025,-ร฿ศวำ รัึํษ 2-ลไวัวส ฮวัฬํษ,สใส วแใฺวแฬษ,KFM2020660212921,สิÛํแ ใ฿ํÝวส วๆ วไวัษ ฮวัฬ วๆÞวส วแีแวษ,
65,ใำฬฯ ีวแอ วแฮิวไ,วแฮัฬ,28/12/1446,24/06/2025,สิÛํแ ใ฿ํÝวส 2- ลไวัวส,สใส วแใฺวแฬษ,,สิÛํแ ใ฿ํÝวส วๆ วไวัษ ฮวัฬ วๆÞวส วแีแวษ,
66,ฬวใฺ ฮวแฯ ศไ วแๆแํฯ,วแฮัฬ,28/12/1446,24/06/2025,1-ร฿ศวำ Ûวาํษ,สใส วแใฺวแฬษ,KFM2120660260567,สิÛํแ ใ฿ํÝวส วๆ วไวัษ ฮวัฬ วๆÞวส วแีแวษ,
67,ฬวใฺ ฺศฯ วแฺาํา วแิฺํศํ,วแฮัฬ,27/12/1446,23/06/2025,1-ใ฿ํÝวส,สใส วแใฺวแฬษ,KFM2020660204239,สิÛํแ ใ฿ํÝวส วๆ วไวัษ ฮวัฬ วๆÞวส วแีแวษ,
68,ฬวใฺ วแใแ฿ ฺศฯ วแฺาํา,วแฮัฬ,28/12/1446,24/06/2025,-ลไวัวส ฯวฮแํษ 2-ว฿ศวำ 3-ํÞฺ ฯวฮแ ใอุษ,สใส วแใฺวแฬษ,KFM2020660230849,สิÛํแ ใ฿ํÝวส วๆ วไวัษ ฮวัฬ วๆÞวส วแีแวษ,
69,ใำฬฯ (ศฯๆไ วำใ ิํไ฿ๆ),วแฮัฬ,30/12/1446,26/06/2025,-ใำฬฯ ศั฿ำ ีÛํั 2-ํÞฺ Ýํ ใๆวÞÝ ใฯัำษ ๆฺแํๅ ฺฯวฯ สวศฺ แแๆาวัษ 3-สิÛํแ วแลไวัวส,สใส วแใฺวแฬษ,MMF2020800147770,สิÛํแ ใ฿ํÝวส วๆ วไวัษ ฮวัฬ วๆÞวส วแีแวษ,
70,ฬวใฺ วแอัํฯํ,วแฮัฬ,28/12/1446,24/06/2025,-วำสÛแวแ ใัÝÞ ใไ Þศแ ใÞํใ 2-สิÛํแ วแส฿ํํÝ 3-ใ฿สศษ ฺแใํษ ใาๆฯษ ศวแส฿ํํÝ ๆวแลไวัวส,สใส วแใฺวแฬษ,KFM2020660212945,ใำสÛแษ ใไ Þศแ วแฺใวแษ,
71,ใำฬฯ อํ วแัๆึษ,วแฮัฬ,01/01/1447,27/06/2025,ว฿ศวำ 2-ลึวมวส 3- สิÛํแ ส฿ํํÝ,สใส วแใฺวแฬษ,KFM2020660172444,สิÛํแ ใ฿ํÝวส วๆ วไวัษ ฮวัฬ วๆÞวส วแีแวษ,
72,ใำฬฯ รำวใๅ ศไ าํฯ,วแฮัฬ,01/01/1447,27/06/2025,-ว฿ศวำ 2-วแส฿ํํÝ,สใส วแใฺวแฬษ,KFM2020660195200,สิÛํแ ใ฿ํÝวส วๆ วไวัษ ฮวัฬ วๆÞวส วแีแวษ,
73,ใำฬฯ วแฮÝํÝๅ,ำวฬั,06/01/1447,2/7/2025,#NAME?,สใส วแใฺวแฬษ,KFM2020660173189,สิÛํแ ใ฿ํÝวส วๆ วไวัษ ฮวัฬ วๆÞวส วแีแวษ,
74,ใำฬฯ ใฮแฯ วแสๆใ,ำวฬั,06/01/1447,2/7/2025,สิÛํแ วแใ฿ํÝวส -ว฿ศวำ Ûวาํษ,สใส วแใฺวแฬษ,AES2120896573420,สิÛํแ ใ฿ํÝวส วๆ วไวัษ ฮวัฬ วๆÞวส วแีแวษ,
75,ใำฬฯ ึํÝ วแแๅ,ำวฬั,06/01/1447,2/7/2025,สิÛํแ ใ฿ํÝวส,สใส วแใฺวแฬษ,KFM2020766096059,สิÛํแ ใ฿ํÝวส วๆ วไวัษ ฮวัฬ วๆÞวส วแีแวษ,
76,ฬวใฺ วแวํใวไ,ำวฬั,06/01/1447,2/7/2025,สิÛํแ ใ฿ํÝวส,สใส วแใฺวแฬษ,KFM2020660204405,สิÛํแ ใ฿ํÝวส วๆ วไวัษ ฮวัฬ วๆÞวส วแีแวษ,
77,ใำฬฯ วแๅๆํใแ,ำวฬั,07/01/1447,3/7/2025,สิÛํแ ใ฿ํÝวส,สใส วแใฺวแฬษ,KFM2120660265045,สิÛํแ ใ฿ํÝวส วๆ วไวัษ ฮวัฬ วๆÞวส วแีแวษ,
78,ใำฬฯ Ûัศ วแวสีวแวส,ำวฬั,07/01/1447,3/7/2025,สิÛํแ ใ฿ํÝวส,สใส วแใฺวแฬษ,KFM2020660129416,สิÛํแ ใ฿ํÝวส วๆ วไวัษ ฮวัฬ วๆÞวส วแีแวษ,
79,ใำฬฯ Ýํอวไ,ำวฬั,07/01/1447,3/7/2025,#NAME?,สใส วแใฺวแฬษ,KFM2020660208378,สิÛํแ ใ฿ํÝวส วๆ วไวัษ ฮวัฬ วๆÞวส วแีแวษ,
80,ฬวใฺ ฬÝไ,ำวฬั,10/01/1447,6/7/2025,#NAME?,สใส วแใฺวแฬษ,KFM2020660153754,สิÛํแ ใ฿ํÝวส วๆ วไวัษ ฮวัฬ วๆÞวส วแีแวษ,
81,ใำฬฯ วแิใวแ,ำวฬั,11/01/1447,7/7/2025,#NAME?,สใส วแใฺวแฬษ,KFM2020660126622,สิÛํแ ใ฿ํÝวส วๆ วไวัษ ฮวัฬ วๆÞวส วแีแวษ,
82,ใำฬฯ ัวิฯ วแใÛํัํ,วแฯๆวฯใํ,08/01/1447,4/7/2025,ว฿ศวำ ฮวัฬํษ แฯ,สใส วแใฺวแฬษ,MMF2020800111745,สิÛํแ ใ฿ํÝวส วๆ วไวัษ ฮวัฬ วๆÞวส วแีแวษ,
83,ใำฬฯ วแÝแวอ,วแฯๆวฯใํ,07/01/1447,3/7/2025,สิÛํแ วแใ฿ํÝวส – ว฿ศวำ Ûวาํษ – ฺฯใ วÛแวÞ ใีแ์ วแไวำ ๆฯๆัวส ใํวๅ,สใส วแใฺวแฬษ,KFM2020660192454,สิÛํแ ใ฿ํÝวส วๆ วไวัษ ฮวัฬ วๆÞวส วแีแวษ,
84,ใำฬฯ วแอใํฯ,วแฯๆวฯใํ,07/01/1447,3/7/2025,– ว฿ศวำ Ûวาํษ – ฺฯใ วÛแวÞ ใีแ์ วแไวำ ๆฯๆัวส ใํวๅ,สใส วแใฺวแฬษ,KFM2020760082678,สิÛํแ ใ฿ํÝวส วๆ วไวัษ ฮวัฬ วๆÞวส วแีแวษ,
85,ฬวใฺ วแอใํึํ,วแฯๆวฯใํ,07/01/1447,3/7/2025,สิÛํแ ฿ิวÝวส รัึํษ,สใส วแใฺวแฬษ,KFM2020660153743,สิÛํแ ใ฿ํÝวส วๆ วไวัษ ฮวัฬ วๆÞวส วแีแวษ,
86,ใำฬฯ ๅๆํแษ,วแฯๆวฯใํ,07/01/1447,3/7/2025,ฺฯใ วÛแวÞ ฯๆัวส วแใํวๅ –ๆสิÛํแ ใ฿ํÝวส ๆวไวัวส,สใส วแใฺวแฬษ,KFM2020660189662,สิÛํแ ใ฿ํÝวส วๆ วไวัษ ฮวัฬ วๆÞวส วแีแวษ,
87,ฬวใฺ วแÞฯำ,วแฯๆวฯใํ,07/01/1447,3/7/2025,฿ิวÝวส รัึํษ – สิÛํแ ส฿ํํÝ – รฺใฯษ วไวัวษ,สใส วแใฺวแฬษ,KFM2020660172350,สิÛํแ ใ฿ํÝวส วๆ วไวัษ ฮวัฬ วๆÞวส วแีแวษ,
89,ฬวใฺ วแิํฮ วศไ ำๅๆ,วแฯๆวฯใํ,07/01/1447,3/7/2025,ว฿ศวำ ฮวัฬํษ – สิÛํแ วแส฿ํํÝ –ฺฯใ วÛแวÞ วไวัวส ฯวฮแํษ,สใส วแใฺวแฬษ,KFM2020660225211,สิÛํแ ใ฿ํÝวส วๆ วไวัษ ฮวัฬ วๆÞวส วแีแวษ,
90,ฬวใฺ ฺศฯ วแแๅ ศไ วแาศํั,วแฯๆวฯใํ,06/01/1447,2/7/2025,ว฿ศวำ Ûวาํษ –สิÛํแ วแส฿ํํÝ ๆฺฯใ วÛแวÞ ฯๆัวส วแใํวๅ,สใส วแใฺวแฬษ,KFM2020660204134,สิÛํแ ใ฿ํÝวส วๆ วไวัษ ฮวัฬ วๆÞวส วแีแวษ,
91,ฬวใฺ วแสๆอํฯ,วแฯๆวฯใํ,06/01/1447,2/7/2025,ว฿ศวำ แฯ ฮวัฬํษ –ฺฯใ วÛแวÞ ฯๆัวส วแใํวๅ,สใส วแใฺวแฬษ,KFM2020660204339,สิÛํแ ใ฿ํÝวส วๆ วไวัษ ฮวัฬ วๆÞวส วแีแวษ,
92,ใำฬฯ อํ วแฯํัษ,วแฯๆวฯใํ,06/01/1447,2/7/2025,ว฿ศวำ วไวัษ ฮวัฬํษ – สิÛํแ ส฿ํํÝ – วำสอฯวห ใัÝÞ,สใส วแใฺวแฬษ,KFM2020760082919,สิÛํแ ใ฿ํÝวส วๆ วไวัษ ฮวัฬ วๆÞวส วแีแวษ,
93,ฬวใฺ ใÞอใ วแÞฺํศ,วแฯๆวฯใํ,06/01/1447,2/7/2025,วไวัวส รัึํษ ๆว฿ศวำ-สิÛํแ วแส฿ํํÝ,สใส วแใฺวแฬษ,KFM2020660176219,สิÛํแ ใ฿ํÝวส วๆ วไวัษ ฮวัฬ วๆÞวส วแีแวษ,
94,ฬวใฺ วแ฿ศํั,วแฯๆวฯใํ,06/01/1447,2/7/2025,ว฿ศวำ Ûวาํษ – สิÛํแ วแใ฿ํÝวส,สใส วแใฺวแฬษ,KFM2020660204189,สิÛํแ ใ฿ํÝวส วๆ วไวัษ ฮวัฬ วๆÞวส วแีแวษ,
95,ใำฬฯ วแวๆำุ,วแฯๆวฯใํ,06/01/1447,2/7/2025,ว฿ศวำ Ûวาํษ – สิÛํแ วแใ฿ํÝวส,สใส วแใฺวแฬษ,KFM2020660204182,สิÛํแ ใ฿ํÝวส วๆ วไวัษ ฮวัฬ วๆÞวส วแีแวษ,
96,ฬวใฺ วแใิๆอ,ำวฬั,07/01/1447,3/7/2025,วำสÛแวแ วแฬวใฺ แไๆใ Ýํๅ – ฺฯใ วÛแวÞ วแใ฿ํÝวส – วำสอฯวห ใัวÝÞ – ฺฯใ วÛแวÞ ฯๆัวส วแใํวๅ,สใส วแใฺวแฬษ,,ใำสÛแษ ใไ Þศแ วแฺใวแษ,
97,ไฯ์ วแฺึํวไํ,ำวฬั,11/01/1447,7/7/2025,สฺฯํ ฿ๅัศวม สิÛํแ รฺใฯษ วไวัวส,สใส วแใฺวแฬษ,KFM2020760204487,สฺฯํ แแ฿ๅัศวม,
98,ฺใั ศไ วแฮุวศ,ำวฬั,14/01/1447,10/7/2025,วไวัวส ฯวฮแํษ – ว฿ศวำ Ûวาํษ,สใส วแใฺวแฬษ,SMR2520868032988,สิÛํแ ใ฿ํÝวส วๆ วไวัษ ฮวัฬ วๆÞวส วแีแวษ,
99,ฺศฯ วแัอใไ ศไ ฺๆÝ,ำวฬั,07/01/1447,3/7/2025,สฺฯํ ฿ๅัศวม Ýแษ – สฺฯํ ฿ๅัศวม ใัÝÞ ใำสอฯห,สใส วแใฺวแฬษ,KFM2020766090311,สฺฯํ แแ฿ๅัศวม,
100,ึํÝ วแแๅ อาใํ,วแฬใิ,13/01/1447,9/7/2025,สิÛํแ วแใ฿ํÝวส – ว฿ศวำ Ûวาํษ,สใส วแใฺวแฬษ,AES2120896585560,สิÛํแ ใ฿ํÝวส วๆ วไวัษ ฮวัฬ วๆÞวส วแีแวษ,
101,ำวฬั วแÞฯํใ,ำวฬั,07/01/1447,3/7/2025,วำสÛแวแ 3ใัวÝÞ สวศฺษ แแฬวใฺ-ฯๆัวส วแใํวๅ ใÝสๆอษ,สใส วแใฺวแฬษ,KFM2020660126677,วำสÛแวแ ใัÝÞ,
102,ฬวใฺ ำํÝ,วแศฬวฯํษ,13/01/1477,9/7/2025,สิÛํแ วแใ฿ํÝวส – ว฿ศวำ Ûวาํษ,สใส วแใฺวแฬษ,KFM2120660252064,สิÛํแ ใ฿ํÝวส วๆ วไวัษ ฮวัฬ วๆÞวส วแีแวษ,
103,ใอใฯ ศฯวอ,ใีฯษ,14/01/1447,10/7/2025,ว฿ศวำ Ûวาํษ,สใส วแใฺวแฬษ,KFM2020760051317,สิÛํแ ใ฿ํÝวส วๆ วไวัษ ฮวัฬ วๆÞวส วแีแวษ,
104,ใำฬฯ วแฯํัํษ,ำวฬั,11/01/1447,7/7/2025,สิÛํแ ใ฿ํÝวส – ว฿ศวำ Ûวาํษ,สใส วแใฺวแฬษ,KFM2120660241412,สิÛํแ ใ฿ํÝวส วๆ วไวัษ ฮวัฬ วๆÞวส วแีแวษ,
105,ใำฬฯ ๅๆํแษ ,วแฯๆวฯใํ /,07/01/1447,3/7/2025,ว฿ศวำ Ûวาํษ – สิÛํแ ใ฿ํÝวส,สใส วแใฺวแฬษ,KFM2020660189662,สิÛํแ ใ฿ํÝวส วๆ วไวัษ ฮวัฬ วๆÞวส วแีแวษ,
106,ฬวใฺ Þัํษ วแัๆำวไ,วแฯๆวฯใํ,06/01/1447,2/7/2025,สิÛํแ วแใ฿ํÝวส – ว฿ศวำ Ûวาํษ – ฯๆัวส วแใํวๅ ใÝสๆอษ – วำสÛแวแ ไัÝÞ,สใส วแใฺวแฬษ,KFM2120660253514,วำสÛแวแ ใัÝÞ,
107,ฬวใฺ วแฺใวัํษ,วแฬใิ,14/01/1447,10/7/2025,ว฿ศวำ Ûวาํษ – ศัวฯวส ใํวๅ,สใส วแใฺวแฬษ,SMR2220661011884,สิÛํแ ใ฿ํÝวส วๆ วไวัษ ฮวัฬ วๆÞวส วแีแวษ,
108,ใำฬฯ วแลำวฺฯ,ำวฬั,07/01/1447,3/7/2025,ว฿ศวำ Ûวาํษ ฺฯใ วÛแวÞ ฯๆัวส วแใํวๅ,สใส วแใฺวแฬษ,KFM2020660202855,สิÛํแ ใ฿ํÝวส วๆ วไวัษ ฮวัฬ วๆÞวส วแีแวษ,
109,ฬวใฺ วแัÝํฺษ,ำวฬั,07/01/1447,3/7/2025,ว฿ศวำ Ûวาํษ – วไวัวส ฮวัฬํษ – ฺฯใ วÛแวÞ วแใำฬฯ,สใส วแใฺวแฬษ,KFM2020660204489,สิÛํแ ใ฿ํÝวส วๆ วไวัษ ฮวัฬ วๆÞวส วแีแวษ,
110,ใำฬฯ ฮวแฯ ศไ วแๆแํฯ,วแฬใิ,14/01/1447,10/7/2025,ว฿ศวำ Ûวาํษ – สิÛํแ ใ฿ํÝวส –ฺฯใ วÛแวÞ วแใำฬฯ,สใส วแใฺวแฬษ,KFM2020660172903,สิÛํแ ใ฿ํÝวส วๆ วไวัษ ฮวัฬ วๆÞวส วแีแวษ,
111,ฬวใฺ วแัÝวฦฺ วแฬใิ,วแฬใิ,14/01/1447,10/7/2025,สิÛํแ ใ฿ํÝวส – ว฿ศวำ Ûวาํษ,สใส วแใฺวแฬษ,KFM2020660172831,สิÛํแ ใ฿ํÝวส วๆ วไวัษ ฮวัฬ วๆÞวส วแีแวษ,
112,ใำฬฯ วแิวํฺ,วแฯๆวฯใํ,06/01/1447,2/7/2025,สิÛํแ ใ฿ํÝวส – ว฿ศวำ Ûวาํษ,สใส วแใฺวแฬษ,KFM2020660172444,สิÛํแ ใ฿ํÝวส วๆ วไวัษ ฮวัฬ วๆÞวส วแีแวษ,
113,ฬวใฺ วแัÝวฦฺ วแฯำใษ,วแฯๆวฯใํ,06/01/1447,2/7/2025,สฺฯํ ฿ๅัศวม ำอศ ำแ฿ – สิÛํแ ใ฿ํÝวส,สใส วแใฺวแฬษ,SMR2020850103386,สฺฯํ แแ฿ๅัศวม,
114,ใำฬฯ ใอใฯ ศไ ฺศฯ วแแๅ,วแฯๆวฯใํ,07/01/1447,3/7/2025,สิÛํแ ใ฿ํÝวส – ว฿ศวำ Ûวาํษ,สใส วแใฺวแฬษ,KFM2020660176323,สิÛํแ ใ฿ํÝวส วๆ วไวัษ ฮวัฬ วๆÞวส วแีแวษ,
115,ใีแุ วแิํศวไํ,วแฯๆวฯใํ,07/01/1447,3/7/2025,สิÛํแ ใ฿ํÝวส – ว฿ศวำ Ûวาํษ,สใส วแใฺวแฬษ,KFM2120660241438,สิÛํแ ใ฿ํÝวส วๆ วไวัษ ฮวัฬ วๆÞวส วแีแวษ,
116,ฬวใฺ วแÝํอวม,วแฯๆวฯใํ,06/01/1447,2/7/2025,สิÛํแ ใ฿ํÝวส – วไวัวส ฮวัฬํษ,สใส วแใฺวแฬษ,KFM2020660195908,สิÛํแ ใ฿ํÝวส วๆ วไวัษ ฮวัฬ วๆÞวส วแีแวษ,
117,ลศัวๅํใ วแฺสวไํ,วแฯๆวฯใํ,07/01/1447,3/7/2025,สิÛํแ ใ฿ํÝวส – วไวัวส ฮวัฬํษ – ฯๆัส วแใํวๅ ใÝสๆอษ,สใส วแใฺวแฬษ,SMR2020850055553,สิÛํแ ใ฿ํÝวส วๆ วไวัษ ฮวัฬ วๆÞวส วแีแวษ,
118,ใำฬฯ วแฮÝํÝษ,ำวฬั,11/01/1447,7/7/2025,สิÛํแ ใ฿ํÝวส – วไวัวส ฯวฮแํษ ฮวัฬํษ – ฯๆัส วแใํวๅ ใÝสๆอษ,สใส วแใฺวแฬษ,KFM2020660210709,สิÛํแ ใ฿ํÝวส วๆ วไวัษ ฮวัฬ วๆÞวส วแีแวษ,
119,ใำฬฯ วแสÞๆ์,ำวฬั,11/01/1447,7/7/2025,วำสอฯวห ใัÝÞ – วไวัวส ฯวฮแํษ ฮวัฬํษ,สใส วแใฺวแฬษ,KFM2020660204407,สิÛํแ ใ฿ํÝวส วๆ วไวัษ ฮวัฬ วๆÞวส วแีแวษ,
120,ใำฬฯ วแศฯัวไํษ,ำวฬั,11/01/1447,7/7/2025,สฺฯํ ฿ๅัศวม ศํส ๆวฺใฯษ วไวัษ ๆอฯํÞษ,สใส วแใฺวแฬษ,AES2020896454948,สฺฯํ แแ฿ๅัศวม,
121,ฬวใฺ วแฺแๆวส,วแฬใิ,15/01/1447,11/7/2025,สฺฯํ ฿ๅัศวม ศํส – สิÛํแ ใ฿ํÝวส – วไวัวส วแฮวัฬํษ,สใส วแใฺวแฬษ,AES2020896377700,สฺฯํ แแ฿ๅัศวม,
122,ฬวใฺ วแไฺํใํ,ำวฬั,11/01/1447,7/7/2025,วำสÛแวแ ใัÝÞ – ว฿ศวำ Ûวาํษ,สใส วแใฺวแฬษ,ECC2320831055029,วำสÛแวแ ใัÝÞ,
123,ใำฬฯ แว ํอใแ วำใ,วแฬใิ,15/01/1447,11/7/2025,วำสÛแวแ ใัÝÞ – ว฿ศวำ Ûวาํษ,สใส วแใฺวแฬษ,AES2020896450558,วำสÛแวแ ใัÝÞ,
124,ฬวใฺ ึํÝ วแแๅ,ำวฬั,11/01/1447,7/7/2025,วำสÛแวแ ใัÝÞ – สิÛํแ ใ฿ํÝวส – วไวัวส,สใส วแใฺวแฬษ,KFM2020660204417,วำสÛแวแ ใัÝÞ,
125,ใำฬฯ แว ํอใแ วำใ,ัุวๆํ วแัÞี ำวฬั,11/01/1447,7/7/2025,ว฿ศวำ Ûวาํษ – สิÛํแ ใ฿ํÝวส,สใส วแใฺวแฬษ,KFM2020660208413,สิÛํแ ใ฿ํÝวส วๆ วไวัษ ฮวัฬ วๆÞวส วแีแวษ,
126,ฬวใฺ วแใำฺฯ,ำวฬั,11/01/1447,7/7/2025,วำสÛแวแ ใัÝÞ – สิÛํแ ใ฿ํÝวส – ว฿ศวำ Ûวาํษ,สใส วแใฺวแฬษ,KFM202066020481,วำสÛแวแ ใัÝÞ,
127,ฬวใฺ วแศัๆฯ,ำวฬั,08/01/1447,4/7/2025,วำสÛแวแ ใัÝÞ – สิÛํแ ใ฿ํÝวส – ว฿ศวำ Ûวาํษ – สอแํษ ใํวๅ ีÛํัษ,สใส วแใฺวแฬษ,KFM2020766085501,วำสÛแวแ ใัÝÞ,
128,ใำฬฯ ึํÝ วแแๅ,ฺัๆ์,09/01/1447,5/7/2025,สิÛํแ ว฿ศวำ Ûวาํษ ๆแฯ,สใส วแใฺวแฬษ,KFM2020766133975,สิÛํแ ใ฿ํÝวส วๆ วไวัษ ฮวัฬ วๆÞวส วแีแวษ,
129,ใุั วแใัิฯํ,วแฬใิ,15/01/1447,11/7/2025,สฺฯํ ฿ๅัศวม สิÛํแ ว฿ศวำ,สใส วแใฺวแฬษ,MMF2420801694461,สฺฯํ แแ฿ๅัศวม,
130,ฬวใฺ วแีฯํÞ,ฺำํแษ/วแศฬวฯํษ,15/01/1447,11/7/2025,สฺฯํ ฿ๅัศวม ใไ Þศแ ใัÝÞ,สใส วแใฺวแฬษ,MMF2420801282934,สฺฯํ แแ฿ๅัศวม,
131,ใำฬฯ ๅฬัษ วแะํวศํษ,วแะํวศํษ/วแฯๆวฯใํ,08/01/1447,4/7/2025,ฺฯใ วÛแวÞ วแใำฬฯ–สิÛํแ วไวัวส,สใส วแใฺวแฬษ,AEC2120896579381,สิÛํแ ใ฿ํÝวส วๆ วไวัษ ฮวัฬ วๆÞวส วแีแวษ,
132,ใำฬฯ วแฺฯๆษ,วแฺฯๆษ,08/01/1447,4/7/2025,ว฿ศวำ Ûวาํษ-สิÛํแ ใ฿ํÝวส – ใัÝÞ,สใส วแใฺวแฬษ,AES2120896610157,สิÛํแ ใ฿ํÝวส วๆ วไวัษ ฮวัฬ วๆÞวส วแีแวษ,
133,ฬวใฺ อำํไ ฮึัวไ,ำวฬั,11/01/1447,7/7/2025,สิÛํแ ใ฿ํÝวส – ว฿ศวำ Ûวาํษ วไวัวส,สใส วแใฺวแฬษ,KFM2020660123162,สิÛํแ ใ฿ํÝวส วๆ วไวัษ ฮวัฬ วๆÞวส วแีแวษ,
134,ใำฬฯ วแÞวฺ,ำวฬั,07/01/1447,3/7/2025,สฺฯํ ฿ๅัศวม ฺฯฯ 10 รฺใฯษ วไวัษ,สใส วแใฺวแฬษ,AES2120896591647,สฺฯํ แแ฿ๅัศวม,
135,ใำฬฯ วแหใวแษ,วแฬใิ,15/01/1447,11/7/2025,สิÛํแ วไวัวส – ว฿ศวำ Ûวาํษ,สใส วแใฺวแฬษ,AES2020896471398,สิÛํแ ใ฿ํÝวส วๆ วไวัษ ฮวัฬ วๆÞวส วแีแวษ,
136,ใำฬฯ แว ํอใแ วำใ,วแฺัฬวม,15/01/1447,11/7/2025,สิÛํแ วแใ฿ํÝวส-ว฿ศวำ Ûวาํษ,สใส วแใฺวแฬษ,SMR2020850038827,สิÛํแ ใ฿ํÝวส วๆ วไวัษ ฮวัฬ วๆÞวส วแีแวษ,
137,ฬวใฺ วแฺศแ,วแฬใิ,14/01/1447,10/7/2025,สิÛํแ ใ฿ํÝวส – วไวัวส – ว฿ศวำ Ûวาํษ,สใส วแใฺวแฬษ,KFM2020660223755,สิÛํแ ใ฿ํÝวส วๆ วไวัษ ฮวัฬ วๆÞวส วแีแวษ,
138,ใำฬฯ แว ํอใแ วำใ,วแศฬวฯํษ,12/01/1447,8/7/2025,สิÛํแ ใ฿ํÝวส-วไวัวส – ว฿ศวำ Ûวาํษ,สใส วแใฺวแฬษ,MMF2420801307039,สิÛํแ ใ฿ํÝวส วๆ วไวัษ ฮวัฬ วๆÞวส วแีแวษ,
139,ใำฬฯ แว ํอใแ วำใ,วแใำสฬฯษ/วแฬใิ,12/01/1447,8/7/2025,สฺฯํ ฿ๅัศวม วแ์ ศํส –ว฿ศวำ แฯ-สิÛํแ วแใ฿ํÝวส,สใส วแใฺวแฬษ,AEC2020830293597,สฺฯํ แแ฿ๅัศวม,
140,ใำฬฯ วแใอํใํฯ,วแศฬวฯํษวแฯๆวฯใํ,12/01/1447,8/7/2025,ว฿ศวำ แฯ – ฺฯใ วÛแวÞ ฯๆัวส วแใํวๅ,สใส วแใฺวแฬษ,KFM2120660238372,สิÛํแ ใ฿ํÝวส วๆ วไวัษ ฮวัฬ วๆÞวส วแีแวษ,
141,ฬวใฺ วแÞัํไ,วแฬใิ วแฯๆวฯใํ,12/01/1447,8/7/2025,ว฿ศวำ Ûวาํษ – ฺฯใ วÛแวÞ ฯๆัวส วแใํวๅ,สใส วแใฺวแฬษ,KFM2020660171136,สิÛํแ ใ฿ํÝวส วๆ วไวัษ ฮวัฬ วๆÞวส วแีแวษ,
142,ใำฬฯ แว ํอใแ วำใ,ไÝํ วแฯๆวฯใํ,15/01/1447,11/7/2025,ว฿ศวำ Ûวาํษ – ฺฯใ วÛแวÞ วแใำฬฯ – สิÛํแ วแใ฿ํÝวส,สใส วแใฺวแฬษ,,สิÛํแ ใ฿ํÝวส วๆ วไวัษ ฮวัฬ วๆÞวส วแีแวษ,
143,ฬวใฺ วศไ สํใษ,ไÝํ วแฯๆวฯใํ,14/01/1447,10/7/2025,สิÛํแ วแใ฿ํÝวส – ฺฯใ วÛแวÞ วแใำฬฯ – ว฿ศวำ Ûวาํษ,สใส วแใฺวแฬษ,KFM2020660233540,สิÛํแ ใ฿ํÝวส วๆ วไวัษ ฮวัฬ วๆÞวส วแีแวษ,
144,ฬวใฺ วแใแ฿ ำแใวไ,วแศฬวฯํษวแฯๆวฯใํ,12/01/1447,8/7/2025,ฺฯใ วÛแวÞ วแใำฬฯ – ว฿ศวำ Ûวาํษ –ศัฯวส ใํวๅ – สิÛํแ ใ฿ํÝวส-หแวฬวส ศัํฯ,สใส วแใฺวแฬษ,KFM2020660212316,สิÛํแ ใ฿ํÝวส วๆ วไวัษ ฮวัฬ วๆÞวส วแีแวษ,
145,ฬวใฺ ฺศแษ วแÛๆํัํ,วแฬใิ วแฯๆวฯใํ,13/01/1447,9/7/2025,ว฿ศวำ แฯ-฿ิวÝวส ฺแ์ วแฬฯวั,สใส วแใฺวแฬษ,KFM2020660171135,สิÛํแ ใ฿ํÝวส วๆ วไวัษ ฮวัฬ วๆÞวส วแีแวษ,
146,ใำฬฯ อใๆฯ วแไÝํฺํ,ใั฿า ฺัฬว,12/01/1447,8/7/2025,ว฿ศวำ - ส฿ํํÝ,สใส วแใฺวแฬษ,KFM2120660252072,สิÛํแ ใ฿ํÝวส วๆ วไวัษ ฮวัฬ วๆÞวส วแีแวษ,
147,ฬวใฺ วแอํฯ,ใั฿า วแอํฯ,14/01/1447,10/7/2025,ว฿ศวำ – วไวัวส – ฺฯใ วÛแวÞ วแฬวใฺ - ส฿ํํÝ,สใส วแใฺวแฬษ,KFM2020660223805,สิÛํแ ใ฿ํÝวส วๆ วไวัษ ฮวัฬ วๆÞวส วแีแวษ,
148,ฬวใฺ ฺํไ วแศัวอๅ,วแฬใิ,14/01/1447,10/7/2025,฿ิวÝวส- ว฿ศวำ- วแส฿ํํÝ- ฺฯใ วÛแวÞ วแใำฬฯ – ฺฯใ วÛแวÞ ฯๆัวส วแใํวๅ,สใส วแใฺวแฬษ,SMR2220661011248,สิÛํแ ใ฿ํÝวส วๆ วไวัษ ฮวัฬ วๆÞวส วแีแวษ,
149,ใำฬฯ ศฯๆไ วำใ,วแฬใิ,13/01/1447,9/7/2025,วไวัวส – วแส฿ํํÝ – ว฿ศวำ –ฺฯใ วÛแวÞ วแใำฬฯ – ฯๆัวส ใํวๅ ใÝสๆอๅ-สๆีํแ วแ฿ๅัศวม แศั฿ำ ศฬๆวั วแฬวใฺ,สใส วแใฺวแฬษ,KFM2020766086171,สฺฯํ แแ฿ๅัศวม,
150,ใำฬฯ ศฯๆไ วำใ,ๅฬัษ วแÞัํไ-วแฬใิ,13/01/1447,9/7/2025,วไวัวส ฯวฮแํๅ ๆฮวัฬํษ- ส฿ํํÝ – ฺฯใ วÛแวÞ วแใำฬฯ,สใส วแใฺวแฬษ,AES2020896450558,สิÛํแ ใ฿ํÝวส วๆ วไวัษ ฮวัฬ วๆÞวส วแีแวษ,
151,ใำฬฯ ศฯๆไ วำใ,ๅฬัษ วแÞัํไ-วแฬใิ,13/01/1447,9/7/2025,ว฿ศวำ – วไวัวส ฯวฮแ วแใำฬฯ,สใส วแใฺวแฬษ,AES2120896610491,สิÛํแ ใ฿ํÝวส วๆ วไวัษ ฮวัฬ วๆÞวส วแีแวษ,
152,ใำฬฯ ศฯๆไ วำใ,ใั฿า ไÝํ,15/01/1447,11/7/2025,฿ิวÝ Ýํ ำัอๅ วแใำฬฯ- วไวัวส- วแส฿ํํÝ –ฺฯใ วÛแวÞ ฯๆัวส วแใํวๅ,สใส วแใฺวแฬษ,KFM2020766102316,สิÛํแ ใ฿ํÝวส วๆ วไวัษ ฮวัฬ วๆÞวส วแีแวษ,
153,ใำฬฯ วใ ใอใฯ,วแัํวึ –ุๆํÞ,04/02/1447,29/07/2025,ว฿ศวำ แฯ – วไวัวส ฯๆัวส วแใํวๅ,สใส วแใฺวแฬษ,KFM2020660043886,สิÛํแ ใ฿ํÝวส วๆ วไวัษ ฮวัฬ วๆÞวส วแีแวษ,
154,ใำฬฯ วแ ใอวัศ,ใั฿า ใแๅใ,07/02/1447,1/8/2025,ว฿ศวำ - ส฿ํํÝ,สอส วแลฬัวม,KFM2120660244134,สิÛํแ ใ฿ํÝวส วๆ วไวัษ ฮวัฬ วๆÞวส วแีแวษ,
155,ฬวใฺ รศๆ ศ฿ั วแีฯํÞ,ใั฿า ใแๅใ,07/02/1447,1/8/2025,ว฿ศวำ- วไวัวส – วแส฿ํํÝ – ศัวฯษ ใํวๅ ฿ศํัๅ,สอส วแลฬัวม,KFM2120660244139,สิÛํแ ใ฿ํÝวส วๆ วไวัษ ฮวัฬ วๆÞวส วแีแวษ,
156,ใำฬฯ วแฯฺํแฬ,ใั฿า วแÞัํไษ – อัํใแวม,07/02/1447,1/8/2025,วไวัวส ฯวฮแํๅ ๆฮวัฬํษ – วแส฿ํํÝ- ว฿ศวำ – ฺฯใ วÛแวÞ ใีแ์ วแไำวม,สอส วแลฬัวม,ECC2020811047005,สิÛํแ ใ฿ํÝวส วๆ วไวัษ ฮวัฬ วๆÞวส วแีแวษ,
157,ใำฬฯ วแฺศฯแํษ,ๅฬัษวแฺศฯแํษอัํใแวม,06/02/1447,31/07/2025,สฺฯํ ฿ๅัศวม ใไ Þศแ ศํส,สใส วแใฺวแฬษ,ECC2020811090526,สฺฯํ แแ฿ๅัศวม,
158,ฬวใฺ ฺศฯวแแๅ ศไ ใำฺๆฯ,อัํใแวม-ใั฿า วแศัๅ,06/02/1447,31/07/2025,สฺฯํ ฿ๅัศวม ฺวใๆฯ วไวัษ,สใส วแใฺวแฬษ,KFM2120660284447,สฺฯํ แแ฿ๅัศวม,
159,ฬวใฺ วแฺัไๆำ,อัํใแวม,07/02/1447,1/8/2025,วัสศวุ ฯวั ไำวฦํษ,สใส วแใฺวแฬษ,KFM2120660240920,วำสÛแวแ ใัÝÞ,
160,ฬวใฺ วแฺฬใํ,อัํใแวม,07/02/1447,1/8/2025,สฺฯํ ฿ๅัศวม ใแ฿ ฮวี,สใส วแใฺวแฬษ,SMR2320661022934,สฺฯํ แแ฿ๅัศวม,
161,ใำฬฯ วแัศๆษ,ๆวฯํ ฺีํแ – วแัๆํึษ,02/02/1447,27/07/2025,สฺฯํ ศํส,สใส วแใฺวแฬษ,AES2120896586369,สฺฯํ แแ฿ๅัศวม,
162,ฬวใฺ ๆวฯํ ฺีํแ,ๆวฯํ ฺีํแ-วแัๆํึษ,02/02/1447,27/07/2025,ว฿ศวำ – ส฿ํํÝ ฺฯใ วÛแวÞ วแฬวใฺ,สใส วแใฺวแฬษ,KFM2020660192488,สิÛํแ ใ฿ํÝวส วๆ วไวัษ ฮวัฬ วๆÞวส วแีแวษ,
163,ใำฬฯ ใอใฯ วแๅๆํใแ,วแÞๆํฺํษ,02/02/1447,27/07/2025,สฺฯํ ฿ๅศวม ใไ Þศแ วำสัวอๅ,สใส วแใฺวแฬษ,AEC2020830325385,สฺฯํ แแ฿ๅัศวม,
164,ใำฬฯ วแ ุัวฯ,วแÝๆํแÞ -วแÞๆํฺํษ,29/01/1447,24/07/2025,สฺฯํ ฿ๅัศวม ศํส,สใส วแใฺวแฬษ,AES2020896158806,สฺฯํ แแ฿ๅัศวม,
165,ใำฬฯ ไวํÝ วแฺสํศํ,วแใาวอใํษ,28/01/1447,23/07/2025,สฺฯํ ฿ๅัศวม ใาัฺษ,สใส วแใฺวแฬษ,KFM2020760203347,สฺฯํ แแ฿ๅัศวม,
166,ใำฬฯ ํÞฺ Ýํ ใาัฺษ,วแฬแษ วแÞๆํฺํษ,02/02/1447,27/07/2025,สฺฯํ ฿ๅัศวม ใาัฺษ,สใส วแใฺวแฬษ,AEC2020830568665,สฺฯํ แแ฿ๅัศวม,
167,ใีแ์ วแฺํฯ,วแÞๆํฺํษ,29/01/1447,24/07/2025,สฺฯํ ฿ๅัศวม อฯํÞษ,สใส วแใฺวแฬษ,SMR2020850089100,สฺฯํ แแ฿ๅัศวม,
168,ฺหใวไ ศไ ฺÝวไ,วแÞๆํฺํษ,29/01/1447,24/07/2025,สิÛํแ ใ฿ํÝวส – วำสÛแวแ ใัÝÞ – วไวัวส,สใส วแใฺวแฬษ,KFM2120660241031,วำสÛแวแ ใัÝÞ,
169,ฬวใฺ วแ ใแํำวไ,วแฬแษ วแÞๆํฺํษ,28/01/1447,23/07/2025,วำสÛแวแ ใัÝÞ – สิÛํแ ใ฿ํÝวส,สใส วแใฺวแฬษ,KFM2020660227533,วำสÛแวแ ใัÝÞ,
170,ฬวใฺ อแวษ วแฬแษ,วแฬแษ วแÞๆํฺํษ,28/01/1447,23/07/2025,ๆฬๆฯ ว฿ศวำ Ûวาํษ – ใÛำแษ วใๆวส,สใส วแใฺวแฬษ,KFM2020660209326,สิÛํแ ใ฿ํÝวส วๆ วไวัษ ฮวัฬ วๆÞวส วแีแวษ,
171,ใำฬฯ ๆวำุ,ๆวำุ ใัวส,28/01/1447,23/07/2025,สิÛํแ ใ฿ํÝวส – ว฿ศวำ Ûวาํษ,สใส วแใฺวแฬษ,KFM2020766122226,สิÛํแ ใ฿ํÝวส วๆ วไวัษ ฮวัฬ วๆÞวส วแีแวษ,
172,ฬวใฺ วแๅใฬษ,วแๅใฬษ ใัวส,28/01/1447,23/07/2025,สิÛํแ ใ฿ํÝวส – ว฿ศวำ Ûวาํษ,สใส วแใฺวแฬษ,KFM2120660267491,สิÛํแ ใ฿ํÝวส วๆ วไวัษ ฮวัฬ วๆÞวส วแีแวษ,
173,ฬวใฺ วแ ๆๅุวไ,วแÝๆํแÞ วแÞๆํฺํษ,28/01/1447,23/07/2025,สิÛํแ ใ฿ํÝวส – ว฿ศวำ Ûวาํษ,สใส วแใฺวแฬษ,KFM2120660240350,สิÛํแ ใ฿ํÝวส วๆ วไวัษ ฮวัฬ วๆÞวส วแีแวษ,
174,ฬวใฺ อใฯ ศไ ำแํใวไ,วแÞๆํฺํษ,29/01/1447,24/07/2025,สิÛํแ ใ฿ํÝวส – ใัÝÞ วแฺวใแ,สใส วแใฺวแฬษ,KFM2020660167711,ใำสÛแษ ใไ Þศแ วแฺใวแษ,
175,ฬวใฺ รศๆ ำแํใ,วแÞๆํฺํษ,29/01/1447,24/07/2025,สิÛํแ ใ฿ํÝวส – วำสÛแวแ ใัÝÞ,สใส วแใฺวแฬษ,KFM2020660190629,วำสÛแวแ ใัÝÞ,
176,ฬวใฺ วแ ใุัÝ,ๆวฯํ วแฯๆวำั,21/01/1447,17/07/2025,สิÛํแ ใ฿ํÝวส – วไวัวส,สใส วแใฺวแฬษ,KFM2020660212686,สิÛํแ ใ฿ํÝวส วๆ วไวัษ ฮวัฬ วๆÞวส วแีแวษ,
177,ใอุษ วแ ๅฯแว,ๆฯวํ วแฯๆวำั,21/01/1447,17/07/2025,สิÛํแ ใ฿ํÝวส – วไวัวส,สใส วแใฺวแฬษ,MMF2020800311315,สิÛํแ ใ฿ํÝวส วๆ วไวัษ ฮวัฬ วๆÞวส วแีแวษ,
178,ฬวใฺ วแิัวÝํ,ๆฯวํ วแฯๆวำั,20/01/1447,16/07/2025,สิÛํแ ใ฿ํÝวส – วไวัวส,สใส วแใฺวแฬษ,KFM2020660174600,สิÛํแ ใ฿ํÝวส วๆ วไวัษ ฮวัฬ วๆÞวส วแีแวษ,
179,ฬวใฺ วแฮใวำํไ,ๆฯวํ วแฯๆวำั,20/01/1447,16/07/2025,สฺฯํ ฿ๅัศวม Ûุวำ – สิÛํแ ใ฿ํÝวส,สใส วแใฺวแฬษ,MMF2020800310729,สฺฯํ แแ฿ๅัศวม,
180,ใำฬฯ ใไํั,ๆฯวํ วแฯๆวำั,21/01/1447,17/07/2025,สิÛํแ ใ฿ํÝวส – วไวัวส,สใส วแใฺวแฬษ,MMF2020800259524,สิÛํแ ใ฿ํÝวส วๆ วไวัษ ฮวัฬ วๆÞวส วแีแวษ,
181,ใำฬฯ ใสั฿,ๆฯวํ วแฯๆวำั,20/01/1447,16/07/2025,สิÛํแ ใ฿ํÝวส – วไวัวส,สใส วแใฺวแฬษ,AEC2020830323574,สิÛํแ ใ฿ํÝวส วๆ วไวัษ ฮวัฬ วๆÞวส วแีแวษ,
182,ใำฬฯ แว ํอใแ วำใ,ๆฯวํ วแฯๆวำั,20/01/1447,16/07/2025,สิÛํแ ใ฿ํÝวส – วไวัวส,สใส วแใฺวแฬษ,ECC2320831067324,สิÛํแ ใ฿ํÝวส วๆ วไวัษ ฮวัฬ วๆÞวส วแีแวษ,
183,ใำฬฯ วแ Ýวําษ,ๆฯวํ วแฯๆวำั,20/01/1447,16/07/2025,สิÛํแ ใ฿ํÝวส – วไวัวส,สใส วแใฺวแฬษ,KFM2120660259982,สิÛํแ ใ฿ํÝวส วๆ วไวัษ ฮวัฬ วๆÞวส วแีแวษ,
184,ใอใฯ ศไ Ýๅํฯ,ๆฯวํ วแฯๆวำั,20/01/1447,16/07/2025,วำสÛแวแ ใีแ์ วแไำวม ๆสอๆํแษ วแ์ ำ฿ไ – ว฿ศวำ,สใส วแใฺวแฬษ,AEC2020830311360,ใำสÛแษ ใไ Þศแ วแฺใวแษ,
185,ฬวใฺ ฿ใฯษ,ๆฯวํ วแฯๆวำั,20/01/1447,16/07/2025,สิÛํแ ใ฿ํÝวส – วไวัวส,สใส วแใฺวแฬษ,KFM2120660247622,สิÛํแ ใ฿ํÝวส วๆ วไวัษ ฮวัฬ วๆÞวส วแีแวษ,
186,ฬวใฺ วแฮวแฯํษ,ๆฯวํ วแฯๆวำั,20/01/1447,16/07/2025,สิÛํแ ใ฿ํÝวส – วไวัวส,สใส วแใฺวแฬษ,KFM2020660174599,สิÛํแ ใ฿ํÝวส วๆ วไวัษ ฮวัฬ วๆÞวส วแีแวษ,
187,ฬวใฺ ใัวไ,ๆฯวํ วแฯๆวำั,20/01/1447,16/07/2025,สิÛํแ ใ฿ํÝวส – วไวัวส,สใส วแใฺวแฬษ,KFM2020660174657,สิÛํแ ใ฿ํÝวส วๆ วไวัษ ฮวัฬ วๆÞวส วแีแวษ,
188,ใำฬฯ ใัํำ,ๆฯวํ วแฯๆวำั,20/01/1447,16/07/2025,สิÛํแ ใ฿ํÝวส – วไวัวส,สใส วแใฺวแฬษ,KFM2020660206050,สิÛํแ ใ฿ํÝวส วๆ วไวัษ ฮวัฬ วๆÞวส วแีแวษ,
189,ใำฬฯ รำวใษ ศไ าํฯ,ๆฯวํ วแฯๆวำั,20/01/1447,16/07/2025,สิÛํแ ใ฿ํÝวส – วไวัวส,สใส วแใฺวแฬษ,KFM2020660177857,สิÛํแ ใ฿ํÝวส วๆ วไวัษ ฮวัฬ วๆÞวส วแีแวษ,
190,ใำฬฯ วแ ีใฺวไ,ๆฯวํ วแฯๆวำั,20/01/1447,16/07/2025,สิÛํแ ใ฿ํÝวส – วไวัวส,สใส วแใฺวแฬษ,KFM2020660174703,สิÛํแ ใ฿ํÝวส วๆ วไวัษ ฮวัฬ วๆÞวส วแีแวษ,
191,ใำฬฯ วแ ๆะํแษ,ๆฯวํ วแฯๆวำั,20/01/1447,16/07/2025,สิÛํแ ใ฿ํÝวส – วไวัวส,สใส วแใฺวแฬษ,KFM2020760181897,สิÛํแ ใ฿ํÝวส วๆ วไวัษ ฮวัฬ วๆÞวส วแีแวษ,
192,ใำฬฯ วแีวÝํ,ๆฯวํ วแฯๆวำั,20/01/1447,16/07/2025,สิÛํแ ใ฿ํÝวส – วไวัวส,สใส วแใฺวแฬษ,KFM2120660263478,สิÛํแ ใ฿ํÝวส วๆ วไวัษ ฮวัฬ วๆÞวส วแีแวษ,
193,ใำฬฯ วแฮใวำํไ วแิใวแํ,ๆฯวํ วแฯๆวำั,20/01/1447,16/07/2025,สิÛํแ ใ฿ํÝวส – วไวัวส,สใส วแใฺวแฬษ,KFM2020660177858,สิÛํแ ใ฿ํÝวส วๆ วไวัษ ฮวัฬ วๆÞวส วแีแวษ,
194,ใำฬฯ วแฬๆํฺฯ,ๆฯวํ วแฯๆวำั,20/01/1447,16/07/2025,สิÛํแ ใ฿ํÝวส – วไวัวส,สใส วแใฺวแฬษ,SMR2220661004530,สิÛํแ ใ฿ํÝวส วๆ วไวัษ ฮวัฬ วๆÞวส วแีแวษ,
195,ใำฬฯ วแ อีๆวไ,ๆฯวํ วแฯๆวำั,20/01/1447,16/07/2025,ฺฯใ วÛแวÞ ฯๆัวส วแใํวๅ – วไวัวส,สใส วแใฺวแฬษ,KFM2020660212775,สิÛํแ ใ฿ํÝวส วๆ วไวัษ ฮวัฬ วๆÞวส วแีแวษ,
196,ฬวใฺ ใอใฯ ฺแๆิ,ๆฯวํ วแฯๆวำั,20/01/1447,16/07/2025,สิÛํแ ใ฿ํÝวส – วไวัวส,สใส วแใฺวแฬษ,KFM2120660247670,สิÛํแ ใ฿ํÝวส วๆ วไวัษ ฮวัฬ วๆÞวส วแีแวษ,
197,ฬวใฺ ำๆÞ วแไๆํฺใษ,ๆฯวํ วแฯๆวำั,20/01/1447,16/07/2025,สิÛํแ ใ฿ํÝวส – วไวัวส,สใส วแใฺวแฬษ,KFM2020660174594,สิÛํแ ใ฿ํÝวส วๆ วไวัษ ฮวัฬ วๆÞวส วแีแวษ,
198,ใำฬฯ ใศวั฿ วแ ิฺํแ,ๆฯวํ วแฯๆวำั,20/01/1447,16/07/2025,สิÛํแ ใ฿ํÝวส – วไวัวส,สใส วแใฺวแฬษ,KFM2020660223663,สิÛํแ ใ฿ํÝวส วๆ วไวัษ ฮวัฬ วๆÞวส วแีแวษ,
199,ฬวใฺ วแวฯวใ,ๆฯวํ วแฯๆวำั,20/01/1447,16/07/2025,สิÛํแ ใ฿ํÝวส – วไวัวส,สใส วแใฺวแฬษ,KFM2020660176056,สิÛํแ ใ฿ํÝวส วๆ วไวัษ ฮวัฬ วๆÞวส วแีแวษ,
200,ฬวใฺ วแ ัใึษ,ๆฯวํ วแฯๆวำั,20/01/1447,16/07/2025,สิÛํแ วแใ฿ํÝวส,สใส วแใฺวแฬษ,,สิÛํแ ใ฿ํÝวส วๆ วไวัษ ฮวัฬ วๆÞวส วแีแวษ,
201,ฬวใฺ วแ สใํใ,ๆฯวํ วแฯๆวำั,20/01/1447,16/07/2025,สิÛํแ ใ฿ํÝวส – วไวัวส,สใส วแใฺวแฬษ,,สิÛํแ ใ฿ํÝวส วๆ วไวัษ ฮวัฬ วๆÞวส วแีแวษ,
202,ฬวใฺ วแ ใอํิ,ๆฯวํ วแฯๆวำั,20/01/1447,16/07/2025,ว฿ศวำ Ûวาํษ – วำสÛแวแ ใัÝÞ,สใส วแใฺวแฬษ,KFM2020660212721,วำสÛแวแ ใัÝÞ,
203,ใำฬฯ วแ ุไÝ วแÞัไํไ,ๆฯวํ วแฯๆวำั,21/01/1447,17/07/2025,สฺฯํ ฿ๅัศวม Ýแสํไ ฯวฮแ ใแ฿ ฮวี,สใส วแใฺวแฬษ,KFM2120660247687,สฺฯํ แแ฿ๅัศวม,
204,ฬวใฺ ใอใฯ ศไ ีÞั,ๆฯวํ วแฯๆวำั,21/01/1447,17/07/2025,สฺฯํ Þีั,สใส วแใฺวแฬษ,KFM2020660176030,สฺฯํ แแ฿ๅัศวม,
205,ฺฯวฯ ฺแ์ ใไาแ อํ วแฺาําํษ (วแไๆํฺใษ),ๆฯวํ วแฯๆวำั,21/01/1447,17/07/2025,ฺฯวฯ ํÞฺ ฺแ์ ใไาแ ๆสิÛํแษ ศิ฿แ ฿วใแ,สใส วแใฺวแฬษ,,วำสÛแวแ ใัÝÞ,
206,ใำฬฯ ใอุษ วแÝไวั(วแำแวใ),ๆฯวํ วแฯๆวำั,21/01/1447,17/07/2025,ใำฬฯ ํÞฺ ฯวฮแ ใอุษ,สใส วแใฺวแฬษ,MMF2020800299662,รฮั์,
207,ใำฬฯ ใอุษ ศสัๆ ๆไ,ๆฯวํ วแฯๆวำั,21/01/1447,17/07/2025,ใำฬฯ ํÞฺ ฯวฮแ ใอุษ,สใส วแใฺวแฬษ,ECC2020810917709,รฮั์,
208,ใำฬฯ รแ ฿ๅÝ,ๆฯวํ วแฯๆวำั,21/01/1447,17/07/2025,สฺฯํ ศํส ฯๆัํไ,สใส วแใฺวแฬษ,MMF2020800259580,สฺฯํ แแ฿ๅัศวม,
209,ใำฬฯ รแ ไวศํ,ๆฯวํ วแฯๆวำั,21/01/1447,17/07/2025,สฺฯํ ศํส ิฺศํ,สใส วแใฺวแฬษ,KFM2120660272267,สฺฯํ แแ฿ๅัศวม,
210,ใำฬฯ รแ ๅฯัวไ,ๆฯวํ วแฯๆวำั,21/01/1447,17/07/2025,ลัสศวุ ำ฿ไ ใไำๆศํไ - สฺฯํ ใไ ฺใวัษ Þํฯ วแลไิวม,สใส วแใฺวแฬษ,KFM2020660206130,สฺฯํ แแ฿ๅัศวม,
211,ใำฬฯ วแำๆํฯวไ,ๆฯวํ วแฯๆวำั,21/01/1447,17/07/2025,สฺฯํ ฿ๅัศวม ใไ Þศแ Ýแๅ ๆฮํใษ ๆศั฿ำๅ,สใส วแใฺวแฬษ,AEC2020830311383,สฺฯํ แแ฿ๅัศวม,
213,ใำฬฯ อํ วแÝวัำํษ,ๆฯวํ วแฯๆวำั,21/01/1447,17/07/2025,สฺฯํ Ýแๅ ฯวฮแ ใแ฿ ฮวี,สใส วแใฺวแฬษ,MMF2020800259538,สฺฯํ แแ฿ๅัศวม,
214,ใำฬฯ อํ ศัาวไ,ๆฯวํ วแฯๆวำั,21/01/1447,17/07/2025,สฺฯํ Ýแสํไ,สใส วแใฺวแฬษ,AEC2020830311436,สฺฯํ แแ฿ๅัศวม,
215,ใำฬฯ ใศวั฿ รแ อไํวไ,ๆฯวํ วแฯๆวำั,21/01/1447,17/07/2025,สฺฯํ Ýแๅ,สใส วแใฺวแฬษ,AEC2020830242719,สฺฯํ แแ฿ๅัศวม,
216,ใำฬฯ Ýัฬ รศๆำไํๅ,ๆฯวํ วแฯๆวำั,21/01/1447,17/07/2025,สฺฯํ 4 Ýแแ – สฺฯํ Ýแๅ Þํฯ วแลไิวม,สใส วแใฺวแฬษ,KFM2020760204251,สฺฯํ แแ฿ๅัศวม,
217,ฬวใฺ วศวแัอํ,ใอํัÞษ- วแÞๆํฺํษ,02/03/1447,26/08/2025,สฺฯํ Ûุวำ,สใส วแใฺวแฬษ,KFM2020766149366,สฺฯํ แแ฿ๅัศวม,
218,ใำฬฯ วแศํา,ไฮํแวไ - วแÞๆํฺํษ,02/03/1447,26/08/2025,วำสอฯวห ใัÝÞ –สิÛํแ ใ฿ํÝวส ๆวไวัวส,สใส วแใฺวแฬษ,KFM2020766149366,สิÛํแ ใ฿ํÝวส วๆ วไวัษ ฮวัฬ วๆÞวส วแีแวษ,
219,ใำฬฯ ใอุษ วแวสอวฯ ,ฺÝํÝ ,02/03/1447,26/08/2025,สฺฯํ ฿ๅัศวม รฺใฯษ,สใส วแใฺวแฬษ,KFM2120660264989,สฺฯํ แแ฿ๅัศวม,
220,ฬวใฺ ฯศวำ วแฺสํศํ,ฺÝํÝ,02/03/1447,26/08/2025,วัสศวุ ฯวั สอÝํู,สใส วแใฺวแฬษ,KFM2020660233525,วำสÛแวแ ใัÝÞ,
221,ใีแ์ Þาฺวไ วแใัิฯํ,ฺÝํÝ,02/03/1447,26/08/2025,สฺฯํ Ýํแว ,สใส วแใฺวแฬษ,AES2120896535923,สฺฯํ แแ฿ๅัศวม,
222,ฬวใฺ วแใีํÝÞํษ,ฺÝํÝ,03/03/1447,27/08/2025,สฺฯํ ใศไ์ ใำสอฯห,สใส วแใฺวแฬษ,KFM2020766084686,สฺฯํ แแ฿ๅัศวม,
223,ใำฬฯ วแำๆํฯ,วแÞๆํฺํษ- ำไวใ,03/03/1447,27/08/2025,สฺฯํ ฿ๅัศวม ฯํไใๆ ,สใส วแใฺวแฬษ,AES2120896563503,สฺฯํ แแ฿ๅัศวม,
224,ใำฬฯ รศๆ Ýํีแ ,วแัํวึ- วแไัฬำ,05/03/1447,29/08/2025,สฺฯํ รฺใฯษ ลไวัษ,สใส วแใฺวแฬษ,KFM2020660190358,สฺฯํ แแ฿ๅัศวม,
225,ใำฬฯ วแไใํี,ีศอวม – วแÞๆํฺํษ,04/03/1447,28/08/2025,สฺฯํ ใํวๅ ฯํไใๆ,สใส วแใฺวแฬษ,KFM2020660192438,สฺฯํ แแ฿ๅัศวม,
226,ฬวใฺ ฺศฯวแแๅ วแๆๅํศํ ,วแัํวึ – วแไÝแ,10/03/1447,3/9/2025,ฺฯวฯ ฺแ์ ใฯัำษ สอÝํู,สใส วแใฺวแฬษ,SMR2220661011767,วำสÛแวแ ใัÝÞ,
227,ใำฬฯ วแฮÝÞ วแÞฯํใ,ๅฬัษ วแไุวิ- วแÞๆํฺํษ,16/03/1447,9/9/2025,สฺฯํ ฿ๅัศวม Ýแสํไ,สใส วแใฺวแฬษ,AES2020896459702,สฺฯํ แแ฿ๅัศวม,
228,ฬวใฺ วแฮÝÞ วแฬไๆศํ,ๅฬัษ วแฮÝÞ – วแÞๆํฺํษ,16/03/1447,9/9/2025,สฺฯํ รฺใฯษ ลไวัษ,สใส วแใฺวแฬษ,KFM2020660228311,สฺฯํ แแ฿ๅัศวม,
229,ฬวใฺ วแัๆึษ,วแฬแๅ ๆสศัว฿ – วแÞๆํฺํษ,16/03/1447,9/9/2025,ร฿ศวำ - วแส฿ํํÝ,สใส วแใฺวแฬษ,,สิÛํแ ใ฿ํÝวส วๆ วไวัษ ฮวัฬ วๆÞวส วแีแวษ,
230,ใำฬฯ ๅฬัษ วแศํวไ,วแฬแๅ – วแÞๆํฺํษ,16/03/1447,9/9/2025,สฺฯํ ฿ๅัศวม ใไ ศํส,สใส วแใฺวแฬษ,KFM202076675756,สฺฯํ แแ฿ๅัศวม,
231,ใำฬฯ ิัํÝษ วแฬแฺๆฯ,วแัํวึ- วแๆวฯํ,23/03/1447,16/09/2025,สฺฯํ ฿ๅัศวม ศํส ใไำๆศ,สใส วแใฺวแฬษ,KFM2020660211383,สฺฯํ แแ฿ๅัศวม,
232,ใำฬฯ ฺแํ วแÝวํา,สใํั,24/03/1447,17/09/2025,สฺฯํ ฿ๅัศวม ๆใํวๅ,สอส วแลฬัวม,KFM2020766034106,สฺฯํ แแ฿ๅัศวม,
233,ฬวใฺ วอใฯ ใอใฯ วแÝวํา,สใํั,24/03/1447,17/09/2025,ลไวัวส – วแส฿ํํÝ ,สอส วแลฬัวม,KFM2020660209951,สิÛํแ ใ฿ํÝวส วๆ วไวัษ ฮวัฬ วๆÞวส วแีแวษ,
234,ใำฬฯ ึํÝ วแแๅ วแๅัํำวไ,วแรัุวๆํษ- วแใฬใฺษ,25/03/1447,18/09/2025,สฺฯํ ฿ๅัศวม ๆใํวๅ ใัÝÞ ใำสอฯห,สอส วแลฬัวม,ESS2020811051566,สฺฯํ แแ฿ๅัศวม,
235,ใอุษ ไวีั วแึวๆํ,วแใฬใฺษ,25/03/1447,18/09/2025,ฺฯวฯ ฺแ์ ใำฬฯ ใๅฬๆั,สอส วแลฬัวม,ECC2020810690837,วำสÛแวแ ใัÝÞ,
236,ใำฬฯ วแิํฮ ีวแอ วแฺๆวฯ,,ฬแวฬแ,26/03/1447,19/09/2025,ฺฯใ ลÛแวÞ ฯๆัวส วแใํวๅ,สอส วแลฬัวม,AES2020896447533,สิÛํแ ใ฿ํÝวส วๆ วไวัษ ฮวัฬ วๆÞวส วแีแวษ
237,ฬวใฺ ไวีั ใอใฯ วแสั฿ํ,ฬแวฬแ,26/03/1447,19/09/2025,สิÛํแ วแลไวัวส วแฮวัฬํษ,สอส วแลฬัวม,SMR2420761037999,สิÛํแ ใ฿ํÝวส วๆ วไวัษ ฮวัฬ วๆÞวส วแีแวษ,
238,ฬวใฺ ฬๆํ,ใั฿า ฬๆํ,26/03/1447,19/09/2025,สิÛํแ วแวไวัวส วแฮวัฬํษ,สอส วแวฬัวม,KFM2020660226049,สิÛํแ ใ฿ํÝวส วๆ วไวัษ ฮวัฬ วๆÞวส วแีแวษ,
239,ฬวใฺ ำแํใวไ ใอใฯ วแÝฺํใ,วแวัุวๆํษ,26/03/1447,19/09/2025,สิÛํแ วแว฿ศวำ วแฮวัฬํษ,สอส วแลฬัวม,KFM2020660192448,สิÛํแ ใ฿ํÝวส วๆ วไวัษ ฮวัฬ วๆÞวส วแีแวษ,
240,ใำฬฯ ฺÞศษ ศไ ไวÝฺ,วแวัุวๆํษ,26/03/1447,19/09/2025,วัสศวุ ใÛำแษ รใๆวส ใฺ วแใำฬฯ,สอส วแวฬัวม,KFM2020766154310,รฮั์,
241,ฬวใฺ ฺหใวไ ศไ ฺÝวไ,วแวัุวๆํษ,26/03/1447,19/09/2025,สิÛํแ วแวไวัวส วแฮวัฬํษ,สอส วแวฬัวม,KFM2020660188300,สิÛํแ ใ฿ํÝวส วๆ วไวัษ ฮวัฬ วๆÞวส วแีแวษ,
242,ใำฬฯ วแิํฮ ฺแํ ศไ อใฯ วแำไวไํ,วแใฬใฺษ,26/03/1447,19/09/2025,สิÛํแ วแวไวัวส วแฮวัฬํษ,สอส วแวฬัวม,SMR2220661018311,สิÛํแ ใ฿ํÝวส วๆ วไวัษ ฮวัฬ วๆÞวส วแีแวษ,
243,ฬวใฺ ฺศฯวแฺาํา วแอÞํแ,วแใฬใฺษ,26/03/1447,19/09/2025,สิÛํแ วแวไวัวส วแฮวัฬํษ,สอส วแวฬัวม,KFM2120655001336,สิÛํแ ใ฿ํÝวส วๆ วไวัษ ฮวัฬ วๆÞวส วแีแวษ,
244,ใำฬฯ ศฯๆไ วำใ,วแใฬใฺษ,26/03/1447,19/09/2025,สิÛํแ วแว฿ศวำ วแฮวัฬํษ,สอส วแวฬัวม,KFM2020760020374,สิÛํแ ใ฿ํÝวส วๆ วไวัษ ฮวัฬ วๆÞวส วแีแวษ,
245,ใำฬฯ อใฯ วแฯๅิ,วแใฬใฺษ,26/03/1447,19/09/2025,สิÛํแ วแส฿ํํÝ,สอส วแวฬัวม,KFM2120660241095,สิÛํแ ใ฿ํÝวส วๆ วไวัษ ฮวัฬ วๆÞวส วแีแวษ,
246,ฬวใฺ ใไํัษ วแสๆํฬัํ,วแใฬใฺษ,26/03/1447,19/09/2025,สิÛํแ วไวัวส ำัอษ วแฬวใฺ,สอส วแวฬัวม,KFM2020660210009,สิÛํแ ใ฿ํÝวส วๆ วไวัษ ฮวัฬ วๆÞวส วแีแวษ,
247,ฬวใฺ ฺหใวไ ศไ ฺÝวไ,วแใฬใฺษ,26/03/1447,19/09/2025,สิÛํแ วแวไวัวส Ýํ ำัอษ วแฬวใฺ,สอส วแวฬัวม,KFM2020660200573,สิÛํแ ใ฿ํÝวส วๆ วไวัษ ฮวัฬ วๆÞวส วแีแวษ,
248,ฬวใฺ วแิํฮ ฺศฯวแฺาํา วแัศํฺษ,วแใฬใฺษ,26/03/1447,19/09/2025,สิÛํแ ฿ิวÝวส Ýํ ำัอษ วแฬวใฺ,สอส วแวฬัวม,KFM2020660225947,สิÛํแ ใ฿ํÝวส วๆ วไวัษ ฮวัฬ วๆÞวส วแีแวษ,
249,ฬวใฺ วแ฿ศํั ,วแใฬใฺษ,26/03/1447,19/09/2025, สิÛํแ วแส฿ํํÝ ๆวแลไวัวส วแฮวัฬํษ ,สอส วแวฬัวม,KFM2020660225265,สิÛํแ ใ฿ํÝวส วๆ วไวัษ ฮวัฬ วๆÞวส วแีแวษ,
250,ใำฬฯ แุํÝษ ศไส ฺแํ วแอำํไวไ,อัํใแวม ,25/03/1447,18/09/2025,สิÛํแ วแวไวัวส วแฮวัฬํษ,สอส วแวฬัวม,KFM2020760160112,สิÛํแ ใ฿ํÝวส วๆ วไวัษ ฮวัฬ วๆÞวส วแีแวษ,
251,ใำฬฯ ใอใฯ ศไ ีวแอ ศไ ฺหํใํไ,สใํั,25/03/1447,18/09/2025,สิÛํแ วแส฿ํํÝ,สอส วแวฬัวม,,สิÛํแ ใ฿ํÝวส วๆ วไวัษ ฮวัฬ วๆÞวส วแีแวษ,
252,ฬวใฺ วอใฯ ศไ ใอใฯ วแÝวํา,สใํั,25/03/1447,18/09/2025,สิÛํแ วแวไวัวส วแฯวฮแํษ ๆวแส฿ํํÝ,สอส วแวฬัวม,KFM2020660209951,สิÛํแ ใ฿ํÝวส วๆ วไวัษ ฮวัฬ วๆÞวส วแีแวษ,
253,ฬวใฺ ใอใฯ วแใวไฺ,สใํั,25/03/1447,18/09/2025,สิÛํแ วแส฿ํํÝ,สอส วแวฬัวม,KFM202066019578,สิÛํแ ใ฿ํÝวส วๆ วไวัษ ฮวัฬ วๆÞวส วแีแวษ,
254,ฬวใฺ วแฯํัษ ,สใํั,25/03/1447,18/09/2025,สิÛํแ วแวไวัวส วแฯวฮแํษ ๆวแส฿ํํÝ,สอส วแวฬัวม,KFM2020660195715,สิÛํแ ใ฿ํÝวส วๆ วไวัษ ฮวัฬ วๆÞวส วแีแวษ,
255,ฬวใฺ วแใไๅวฬ วแีไวฺํษ,สใํั,25/03/1447,18/09/2025,ฺฯใ วÛแวÞ ฯๆัวส วแใํวๅ,สอส วแวฬัวม,KFM2020660150429,สิÛํแ ใ฿ํÝวส วๆ วไวัษ ฮวัฬ วๆÞวส วแีแวษ,
256,ใำฬฯ ศฯๆไ วำใ ,ฺิํัษ ำฯํั,25/03/1447,18/09/2025,สิÛํแ วแวไวัวส วแฯวฮแํษ ๆวแฮวัฬํษ ๆวแส฿ํํÝ ๆฺฯใ วÛแวÞ ฯๆัวส วแใํวๅ,สอส วแวฬัวม,ECC2420831023882,สิÛํแ ใ฿ํÝวส วๆ วไวัษ ฮวัฬ วๆÞวส วแีแวษ,
257,ฬวใฺ วแฮแํÝษ รศๆ ศ฿ั วแีฯํÞ,วแฮุวใษ,25/03/1447,18/09/2025,สิÛํแ วแวไวัวส วแฮวัฬํษ ๆวแส฿ํํÝ,สอส วแวฬัวม,KFM2120660273515,สิÛํแ ใ฿ํÝวส วๆ วไวัษ ฮวัฬ วๆÞวส วแีแวษ,
258,ฬวใฺ ฺๆฯษ ำฯํั,ฺๆฯษ ำฯํั,25/03/1447,18/09/2025,สิÛํแ วแวไวัวส ๆวแส฿ํํÝ,สอส วแวฬัวม,KFM2020660210582,สิÛํแ ใ฿ํÝวส วๆ วไวัษ ฮวัฬ วๆÞวส วแีแวษ,
259,ฬวใฺ วแิๅํฯ วอใฯ วแำํÝ,อๆุษ ำฯํั,25/03/1447,18/09/2025,สิÛํแ วแวไวัวส วแฮวัฬํษ,สอส วแวฬัวม,KFM2020660210700,สิÛํแ ใ฿ํÝวส วๆ วไวัษ ฮวัฬ วๆÞวส วแีแวษ,
260,ใำฬฯ วศไ Þฯวใษ ,ัๆึษ ำฯํั,25/03/1447,18/09/2025,สิÛํแ วแส฿ํํÝ,สอส วแวฬัวม,KFM2020766062279,สิÛํแ ใ฿ํÝวส วๆ วไวัษ ฮวัฬ วๆÞวส วแีแวษ,
261,ฬวใฺ วแศวศุํไ,อๆุษ ำฯํั,25/03/1447,18/09/2025,สิÛํแ วแว฿ศวำ วแฮวัฬํษ วแÛวาํษ,สอส วแวฬัวม,KFM2120660279213,สิÛํแ ใ฿ํÝวส วๆ วไวัษ ฮวัฬ วๆÞวส วแีแวษ,
262,ใำฬฯ ำฺฯ วแสๆํใ,อๆุษ ำฯํั,25/03/1447,18/09/2025,สิÛํแ วแว฿ศวำ วแÛวาํษ วแฮวัฬํษ,สอส วแวฬัวม,AES2020896450737,สิÛํแ ใ฿ํÝวส วๆ วไวัษ ฮวัฬ วๆÞวส วแีแวษ,
263,ใำฬฯ ศฯๆไ วำใ ,ๅฬัษ วแไํีํษ –ฺÝํÝ,02/03/1447,26/08/2025,สิÛํแ ว฿ศวำ,สใส วแใฺวแฬษ,AES2020896440722,สิÛํแ ใ฿ํÝวส วๆ วไวัษ ฮวัฬ วๆÞวส วแีแวษ,
264,ฬวใฺ ำไวใ,วแÞๆํฺํษ – ำไวใ,02/03/1447,26/08/2025,ๆฬๆฯ ใัÝÞ – ใÛำแษ วใๆวส,สใส วแใฺวแฬษ,KFM2120660238400,วำสÛแวแ ใัÝÞ,
265,ใำฬฯ ีๆํษ,ีๆํษ – ฺÝํÝ,02/03/1447,26/08/2025,,สใส วแใฺวแฬษ,KFM2020766138412,,
