رقم المحضر,اسم الجامع/مسجد,الموقع,تاريخ الزيارة (هجري),التاريخ الميلادي (تقريبي),المسببات,الإجراء المتخذ,رقم عداد الكهرباء,نوع المخالفة,Unnamed: 9
1,مسجد الأمير طلال,الرياض/الناصرية,21/12/1446,17/06/2025,تشغيل الانارات 2-اكباس,تمت المعالجة,KFM2120660262195,تشغيل مكيفات او انارة خارج اوقات الصلاة,
2,جامع فهد الفهيد,الرياض/غرناطة,21/12/1446,17/06/2025,تشغيل الانارات 2-اكباس,تمت المعالجة,KFM2020660174441,تشغيل مكيفات او انارة خارج اوقات الصلاة,
3,مسجد الجفال,الرياض/ عتيقة,21/12/1446,17/06/2025,1-تشغيل الانارات 2-اكباس,تمت المعالجة,KFM2020660018905,تشغيل مكيفات او انارة خارج اوقات الصلاة,
4,جامع أم المؤمنين,الرياض/ غرناطة,21/12/1446,17/06/2025,1-تشغيل الانارات 2-اكباس,تمت المعالجة,KFM2020660176771,تشغيل مكيفات او انارة خارج اوقات الصلاة,
5,مسجد نورة العساف,الرياض/ حطين,22/12/1446,18/06/2025,تشغيل جميع المكيفات المركزية,تمت المعالجة,KFM2020660053662,تشغيل مكيفات او انارة خارج اوقات الصلاة,
6,جامع رياض الصالحين,الرياض/ المروج,22/12/1446,18/06/2025,وجود برادات 2-تشغيل أكباس,تمت المعالجة,KFM2020660173656,تشغيل مكيفات او انارة خارج اوقات الصلاة,
7,جامع سليمان البسام,الرياض/ قرطبة,23/12/1446,19/06/2025,إنارات 2- أكباس خارجية 3- بلازما,تمت المعالجة,KFM2120660256039,تشغيل مكيفات او انارة خارج اوقات الصلاة,
8,جامع الملك فهد,الرياض / الناصرية,21/12/1446,17/06/2025,تعدي كهرباء سحب كيبل 2-تشغيل الإنارات والأكباس 3-التكييف,تمت المعالجة,KFM2120660300949,تعدي للكهرباء,
9,جامع محمد القاضي,الرياض / التعاون,22/12/1446,18/06/2025,ارتباط مدرسة-اكباس 3-تكييف 4-عدم إغلاق دورات المياه 5-تعدي خيمتين,تمت المعالجة,KFM2020660173879,تعدي للكهرباء,
10,جامع أل عشيوان,الرياض / عريجاء الوسطى,21/12/1446,17/06/2025,إنارات 2-ملاحق في سرحة الجامع مرتبطة مع الكهرباء.,تمت المعالجة,KFM2020660164488,تشغيل مكيفات او انارة خارج اوقات الصلاة,
11,جامع والدة الأمير بندر,الرياض / الندى,23/12/1446,19/06/2025,مغسلة أموات مرتبطة مع عداد الكهرباء 2-ملحق سكني فوق دورات المياه مرتبطة مع عداد الكهرباء 3-إنارات,تمت المعالجة,KFM2020660207557,مستغلة من قبل العمالة,
12,مسجد طويق الغربي,الرياض/ طويق,21/12/1446,17/06/2025,وجود كيابل موصله من غرفة الكهرباء إلى سكن المنسوبين,تمت المعالجة,KFM2020660173463,مستغلة من قبل العمالة,
13,جامع الحمراء,الرياض / الحمراء,21/12/1446,17/06/2025,تشغيل الإنارات 2-تشغيل المكيفات,تمت المعالجة,KFM2020660133855,تشغيل مكيفات او انارة خارج اوقات الصلاة,
14,جامع محمد الراجحي,الرياض / الرفيعة,21/12/1446,17/06/2025,تشغيل إنارات 2-تشغيل مكيفات 3-تشغيل الإضاءات,تمت المعالجة,KFM2020660051622,تشغيل مكيفات او انارة خارج اوقات الصلاة,
15,جامع الحميضي,الرياض / الصحافة,23/12/1446,19/06/2025,تشغيل الإنارة 2-تشغيل التكييف,تمت المعالجة,KFM2020660213089,تشغيل مكيفات او انارة خارج اوقات الصلاة,
16,جامع الخضير,الرياض / المونسية,22/12/1446,18/06/2025,سحب سلك إلى مرفق مستقطع من سكن المنسوبين 2-أفياش خارجية 3-تشغيل أكباس,تمت المعالجة,KFM2020660195200,مستغلة من قبل العمالة,
17,مسجد أل هيف,الخرج,27/12/1446,23/06/2025,1-صغير ويقع في ملك خاص 2-تشغيل التكييف,تمت المعالجة,KFM2020660205792,تشغيل مكيفات او انارة خارج اوقات الصلاة,
18,جامع أل حفيظ,الخرج,27/12/1446,23/06/2025,مرفق فوق دورات المياه 2-تشغيل التكييف,تمت المعالجة,KFM2120660260644,تشغيل مكيفات او انارة خارج اوقات الصلاة,
19,جامع التراضي,الخرج,27/12/1446,23/06/2025,تشغيل إنارات 2-مبنى دار تحفيظ ملاصقه للجامع,تمت المعالجة,KFM2120660245992,تشغيل مكيفات او انارة خارج اوقات الصلاة,
20,مسجد حسين بن علي,الخرج,28/12/1446,24/06/2025,1-تعدي كهرباء سحب كيابل إلى أعمدة إناراه 2-تشغيل أكباس,تمت المعالجة,KFM2120660270832,تعدي للكهرباء,
21,جامع العالية,الخرج,27/12/1446,23/06/2025,1-إستغلال مبنى مغسلة أموات وتحويله إلى غرف سكنية للإيجار مرتبطة بعداد الكهرباء,تمت المعالجة,KFM2120660300267,مستغلة من قبل العمالة,
22,مسجد يوسف السالم,الخرج,27/12/1446,23/06/2025,1-إستحداث مرفق 2-اكباس غازية 3-التكييف,تمت المعالجة,KFM2120660245994,تشغيل مكيفات او انارة خارج اوقات الصلاة,
23,جامع فهد الشدي,الخرج,27/12/1446,23/06/2025,1-وجود عداد كهرباء يخدم الجمعية تابع للوزارة,تمت المعالجة,KFM2120660260574,أخرى,
23,مسجد إبراهيم الصغير,الخرج,27/12/1446,23/06/2025,1-تشغيل مكيفات 2-اكباس 3-عدم إغلاق دورات المياه.,تمت المعالجة,KFM2120660245969,تشغيل مكيفات او انارة خارج اوقات الصلاة,
24,جامع البرة,الخرج,29/12/1446,25/06/2025,استغلال مصلى النساء من قبل مقيم 2-تشغيل التكييف,تمت المعالجة,KFM2020760076369,مستغلة من قبل العمالة,
25,جامع ال هتلان,الخرج,28/12/1446,24/06/2025,1-تعدي كهرباء سحب كيبل إلى أعمدة إنارة 2-تشغيل التكييف 3-عدم إغلاق الجامع 4-عدم إغلاق دورات المياه,تمت المعالجة,KFM2020660207867,تعدي للكهرباء,
26,مسجد مشعل بن عبد العزيز,الخرج,28/12/1446,24/06/2025,1-تعدي كهرباء سحب كيبل إلى مجلس 2-تعدي كهرباء سحب سلك إلى إنارات وعقود,تمت المعاجة,MMF2020800092693,تعدي للكهرباء,
27,مسجد عمر الحارثي,الخرج,27/12/1446,23/06/2025,1-تشغيل أكباس,تمت المعالجة,KFM2120660270849,تشغيل مكيفات او انارة خارج اوقات الصلاة,
28,مسجد عيد الشمري,الخرج,01/01/1447,27/06/2025,تشغيل أكباس 2-تشغيل الإنارات الداخلية,تمت المعالجة,KFM2020660177798,تشغيل مكيفات او انارة خارج اوقات الصلاة,
29,مسجد مهدي أل رشيد,الخرج,28/12/1446,24/06/2025,1-أكباس 2-تكييف 3-وعدم إغلاق المسجد,تمت المعالجة,KFM2020660169669,تشغيل مكيفات او انارة خارج اوقات الصلاة,
30,مسجد المقداد,الخرج,01/01/1447,27/06/2025,1-اكباس2-عدم اغلاق دورات المياه والانارات,تمت المعالجة,KFM2020660210989,تشغيل مكيفات او انارة خارج اوقات الصلاة,
31,جامع الراشدية,الخرج,29/12/1446,25/06/2025,اكباس غازية 2-انارات,تمت المعالجة,KFM2120660246032,تشغيل مكيفات او انارة خارج اوقات الصلاة,
32,مسجد حذيفة بن اليمان,الخرج,01/01/1447,27/06/2025,تشغيل انارات,تمت المعالجة,KFM2020660229216,تشغيل مكيفات او انارة خارج اوقات الصلاة,
33,مسجد الملك فيصل,الخرج,01/01/1447,27/06/2025,تشغيل مكيفات,تمت المعالجة,KFM2120660260637,تشغيل مكيفات او انارة خارج اوقات الصلاة,
34,مسجد سعيد بن مسيب,الخرج,01/01/1447,27/06/2025,1-اكباس غازية 2-عدم اغلاق دورات المياه,تمت المعالجة,KFM2120660270820,تشغيل مكيفات او انارة خارج اوقات الصلاة,
35,جامع العز بن عبد السلام,الخرج,01/01/1447,27/06/2025,اكباس غازية,تمت المعالجة,KFM2120660246007,تشغيل مكيفات او انارة خارج اوقات الصلاة,
36,مسجد المقابلة,الخرج,29/12/1446,25/06/2025,عدم اغلاق دورات المياه,تمت المعالجة,KFM202660228349,تشغيل مكيفات او انارة خارج اوقات الصلاة,
37,مسجد نوره الحربي,الخرج,28/12/1146,24/06/2025,أستحداث مرفق مرتبط بالكهرباء –تشغيل كشافات الخارجية,تمت المعالجة,KFM2120660246012,تشغيل مكيفات او انارة خارج اوقات الصلاة,
39,جامع البصري,الخرج,1/1/1447,27/06/2025,اكباس غازية و الانارات,تمت المعالجة,KFM2020660210948,تشغيل مكيفات او انارة خارج اوقات الصلاة,
40,مسجد العيون,الخرج,28/12/1446,24/06/2025,تشغيل الانارات الخارجية والداخلية وعدم اغلاق مصلى النساء وروات المياه,تمت المعالجة,MMF2020800218822,تشغيل مكيفات او انارة خارج اوقات الصلاة,
41,مسجد الندى,الخرج,1/1/1447,27/06/2025,اكباس غازية,تمت المعالجة,KFM2120660264298,تشغيل مكيفات او انارة خارج اوقات الصلاة,
42,مسجد الرفعية,الخرج,01/01/*1447,27/06/2025,تشغيل-الاضاءت والتكيف-عدم اغلاق المسجد,تمت المعالجة,KFM2120660264221,تشغيل مكيفات او انارة خارج اوقات الصلاة,
43,مسجد السبيعي,الخرج,01/01/1447,27/06/2025,اكباس غازية,تمت المعالجة,KFM2020660229231,تشغيل مكيفات او انارة خارج اوقات الصلاة,
44,مسجد ذي النورين,الخرج,28/12/1446,24/06/2025,اكباس غازية,تمت المعالجة,KFM2120660260565,تشغيل مكيفات او انارة خارج اوقات الصلاة,
45,مسجد معاوية بن ابي سفيان,الخرج,29/12/1446,25/06/2025,تشغيل التكيف,تمت المعالجة,KFM2120660260583,تشغيل مكيفات او انارة خارج اوقات الصلاة,
46,جامع الملك فهد,الخرج,28/12/1446,24/06/2025,اضاءات خارجية -تشغيل التكيف,تمت المعالجة,KFM2120660260690,تشغيل مكيفات او انارة خارج اوقات الصلاة,
47,مسجد موسى بن نصير,الخرج,28/12/1446,24/06/2025,لايوجد,تمت المعالجة,KFM2120660274609,,
48,مسجد عبد الله بن العباس,الخرج,28/12/1446,24/06/2025,ملحق سكني مرتبط بعداد الكهرباء –عدم اغلاق المسجد,تمت المعالجة,KFM2120660260654,مستغلة من قبل العمالة,
49,مسجد الامام الشوكاني,الخرج,28/12/1446,24/06/2025,اكباس خارجية,تمت المعالجة,KFM2020660231486,تشغيل مكيفات او انارة خارج اوقات الصلاة,
50,مسجد ابي أيوب الانصاري,الخرج,28/12/1446,24/06/2025,تشغيل الانارات الخارجية استحدث مرفق مرتبط بالكهرباء,تمت المعالجة,KFM2020660212211,تشغيل مكيفات او انارة خارج اوقات الصلاة,
51,مسجد حي الزاهر,الخرج,27/12/1446,23/06/2025,تشغيل التكيف –عدم اغلاق دورات المياه,تمت المعالجة,KFM2020660230162,تشغيل مكيفات او انارة خارج اوقات الصلاة,
52,مسجد سمره بن جندب,الخرج,27/12/1446,23/06/2025,تشغيل اكباس غازية واضاءات خارجية –تشغيل التكيف-عدم اغلاق دورات المياه,تمت المعالجة,KFM2020660230167,تشغيل مكيفات او انارة خارج اوقات الصلاة,
53,جامع السهباء,الخرج,27/12/1446,23/06/2025,تشغيل اكباس,تمت المعالجة,KFM2020660230893,تشغيل مكيفات او انارة خارج اوقات الصلاة,
54,مسجد عائشة بنت الصديق,الخرج,28/12/1446,24/06/2025,اكباس غازية اضاءات –عدم اغلاق دورات المياه,تمت المعالجة,KFM2020660230227,تشغيل مكيفات او انارة خارج اوقات الصلاة,
55,جامع النهضة,الخرج,28/12/1446,24/06/2025,اكباس غازية –تشغيل التكيف,تمت المعالجة,KFM2120660264343,تشغيل مكيفات او انارة خارج اوقات الصلاة,
56,جامع السلمية,الخرج,29/12/1446,25/06/2025,تشغيل اضاءات – تشغيل التكيف,تمت المعالجة,KFM2020660202728,تشغيل مكيفات او انارة خارج اوقات الصلاة,
57,مسجد نفل,الخرج,01/01/1447,27/06/2025,تشغيل التكيف,تمت المعالجة,,تشغيل مكيفات او انارة خارج اوقات الصلاة,
58,مسجد ناصر عبيد,الخرج,28/12/1446,24/06/2025,تشغيل اكباس خارجية-تشغيل الكيف,تمت المعالجة,KFM2020660230873,تشغيل مكيفات او انارة خارج اوقات الصلاة,
59,مسجد شخية ابن فواز,الخرج,01/01/1447,27/06/2025,انارات خارجية –تشغيل التكيف,تمت المعالجة,KFM2020760176414,تشغيل مكيفات او انارة خارج اوقات الصلاة,
60,مسجد عتيق ابن فواز,الخرج,01/01/1447,27/06/2025,تشغيل التكيف,تمت المعالجة,KFM2020660212408,تشغيل مكيفات او انارة خارج اوقات الصلاة,
61,مسجد على الوابل,الخرج,01/01/1447,27/06/2025,تشغيل اكباس – تشغيل التكيف,تمت المعالجة,KFM2020660230136,تشغيل مكيفات او انارة خارج اوقات الصلاة,
62,مسجد الإسكان,الخرج,01/01/1447,27/06/2025,تشغيل التكيف,تمت المعالجة,KFM2120660274742,تشغيل مكيفات او انارة خارج اوقات الصلاة,
63,جامع ال دغيم,الخرج,29/12/1446,25/06/2025,انارت الداخلية – تشغيل التكيف,تمت المعالجة,KFM2020660210920,تشغيل مكيفات او انارة خارج اوقات الصلاة,
64,جامع عجيان أل كتاب,الخرج,01/01/1447,27/06/2025,-أكباس أرضية 2-إنارات خارجية,تمت المعالجة,KFM2020660212921,تشغيل مكيفات او انارة خارج اوقات الصلاة,
65,مسجد صالح الخشان,الخرج,28/12/1446,24/06/2025,تشغيل مكيفات 2- إنارات,تمت المعالجة,,تشغيل مكيفات او انارة خارج اوقات الصلاة,
66,جامع خالد بن الوليد,الخرج,28/12/1446,24/06/2025,1-أكباس غازية,تمت المعالجة,KFM2120660260567,تشغيل مكيفات او انارة خارج اوقات الصلاة,
67,جامع عبد العزيز الشعيبي,الخرج,27/12/1446,23/06/2025,1-مكيفات,تمت المعالجة,KFM2020660204239,تشغيل مكيفات او انارة خارج اوقات الصلاة,
68,جامع الملك عبد العزيز,الخرج,28/12/1446,24/06/2025,-إنارات داخلية 2-اكباس 3-يقع داخل محطة,تمت المعالجة,KFM2020660230849,تشغيل مكيفات او انارة خارج اوقات الصلاة,
69,مسجد (بدون اسم شينكو),الخرج,30/12/1446,26/06/2025,-مسجد بركس صغير 2-يقع في مواقف مدرسة وعليه عداد تابع للوزارة 3-تشغيل الإنارات,تمت المعالجة,MMF2020800147770,تشغيل مكيفات او انارة خارج اوقات الصلاة,
70,جامع الحريدي,الخرج,28/12/1446,24/06/2025,-استغلال مرفق من قبل مقيم 2-تشغيل التكييف 3-مكتبة علمية مزودة بالتكييف والإنارات,تمت المعالجة,KFM2020660212945,مستغلة من قبل العمالة,
71,مسجد حي الروضة,الخرج,01/01/1447,27/06/2025,اكباس 2-إضاءات 3- تشغيل تكييف,تمت المعالجة,KFM2020660172444,تشغيل مكيفات او انارة خارج اوقات الصلاة,
72,مسجد أسامه بن زيد,الخرج,01/01/1447,27/06/2025,-اكباس 2-التكييف,تمت المعالجة,KFM2020660195200,تشغيل مكيفات او انارة خارج اوقات الصلاة,
73,مسجد الخفيفه,ساجر,06/01/1447,2/7/2025,#NAME?,تمت المعالجة,KFM2020660173189,تشغيل مكيفات او انارة خارج اوقات الصلاة,
74,مسجد مخلد التوم,ساجر,06/01/1447,2/7/2025,تشغيل المكيفات -اكباس غازية,تمت المعالجة,AES2120896573420,تشغيل مكيفات او انارة خارج اوقات الصلاة,
75,مسجد ضيف الله,ساجر,06/01/1447,2/7/2025,تشغيل مكيفات,تمت المعالجة,KFM2020766096059,تشغيل مكيفات او انارة خارج اوقات الصلاة,
76,جامع الايمان,ساجر,06/01/1447,2/7/2025,تشغيل مكيفات,تمت المعالجة,KFM2020660204405,تشغيل مكيفات او انارة خارج اوقات الصلاة,
77,مسجد الهويمل,ساجر,07/01/1447,3/7/2025,تشغيل مكيفات,تمت المعالجة,KFM2120660265045,تشغيل مكيفات او انارة خارج اوقات الصلاة,
78,مسجد غرب الاتصالات,ساجر,07/01/1447,3/7/2025,تشغيل مكيفات,تمت المعالجة,KFM2020660129416,تشغيل مكيفات او انارة خارج اوقات الصلاة,
79,مسجد فيحان,ساجر,07/01/1447,3/7/2025,#NAME?,تمت المعالجة,KFM2020660208378,تشغيل مكيفات او انارة خارج اوقات الصلاة,
80,جامع جفن,ساجر,10/01/1447,6/7/2025,#NAME?,تمت المعالجة,KFM2020660153754,تشغيل مكيفات او انارة خارج اوقات الصلاة,
81,مسجد الشمال,ساجر,11/01/1447,7/7/2025,#NAME?,تمت المعالجة,KFM2020660126622,تشغيل مكيفات او انارة خارج اوقات الصلاة,
82,مسجد راشد المغيري,الدوادمي,08/01/1447,4/7/2025,اكباس خارجية لد,تمت المعالجة,MMF2020800111745,تشغيل مكيفات او انارة خارج اوقات الصلاة,
83,مسجد الفلاح,الدوادمي,07/01/1447,3/7/2025,تشغيل المكيفات – اكباس غازية – عدم اغلاق مصلى الناس ودورات مياه,تمت المعالجة,KFM2020660192454,تشغيل مكيفات او انارة خارج اوقات الصلاة,
84,مسجد الحميد,الدوادمي,07/01/1447,3/7/2025,– اكباس غازية – عدم اغلاق مصلى الناس ودورات مياه,تمت المعالجة,KFM2020760082678,تشغيل مكيفات او انارة خارج اوقات الصلاة,
85,جامع الحميضي,الدوادمي,07/01/1447,3/7/2025,تشغيل كشافات أرضية,تمت المعالجة,KFM2020660153743,تشغيل مكيفات او انارة خارج اوقات الصلاة,
86,مسجد هويلة,الدوادمي,07/01/1447,3/7/2025,عدم اغلاق دورات المياه –وتشغيل مكيفات وانارات,تمت المعالجة,KFM2020660189662,تشغيل مكيفات او انارة خارج اوقات الصلاة,
87,جامع القدس,الدوادمي,07/01/1447,3/7/2025,كشافات أرضية – تشغيل تكييف – أعمدة اناراة,تمت المعالجة,KFM2020660172350,تشغيل مكيفات او انارة خارج اوقات الصلاة,
89,جامع الشيخ ابن سهو,الدوادمي,07/01/1447,3/7/2025,اكباس خارجية – تشغيل التكييف –عدم اغلاق انارات داخلية,تمت المعالجة,KFM2020660225211,تشغيل مكيفات او انارة خارج اوقات الصلاة,
90,جامع عبد الله بن الزبير,الدوادمي,06/01/1447,2/7/2025,اكباس غازية –تشغيل التكييف وعدم اغلاق دورات المياه,تمت المعالجة,KFM2020660204134,تشغيل مكيفات او انارة خارج اوقات الصلاة,
91,جامع التوحيد,الدوادمي,06/01/1447,2/7/2025,اكباس لد خارجية –عدم اغلاق دورات المياه,تمت المعالجة,KFM2020660204339,تشغيل مكيفات او انارة خارج اوقات الصلاة,
92,مسجد حي الديرة,الدوادمي,06/01/1447,2/7/2025,اكباس انارة خارجية – تشغيل تكييف – استحداث مرفق,تمت المعالجة,KFM2020760082919,تشغيل مكيفات او انارة خارج اوقات الصلاة,
93,جامع مقحم القعيب,الدوادمي,06/01/1447,2/7/2025,انارات أرضية واكباس-تشغيل التكييف,تمت المعالجة,KFM2020660176219,تشغيل مكيفات او انارة خارج اوقات الصلاة,
94,جامع الكبير,الدوادمي,06/01/1447,2/7/2025,اكباس غازية – تشغيل المكيفات,تمت المعالجة,KFM2020660204189,تشغيل مكيفات او انارة خارج اوقات الصلاة,
95,مسجد الاوسط,الدوادمي,06/01/1447,2/7/2025,اكباس غازية – تشغيل المكيفات,تمت المعالجة,KFM2020660204182,تشغيل مكيفات او انارة خارج اوقات الصلاة,
96,جامع المشوح,ساجر,07/01/1447,3/7/2025,استغلال الجامع لنوم فيه – عدم اغلاق المكيفات – استحداث مرافق – عدم اغلاق دورات المياه,تمت المعالجة,,مستغلة من قبل العمالة,
97,ندى العضياني,ساجر,11/01/1447,7/7/2025,تعدي كهرباء تشغيل أعمدة انارات,تمت المعالجة,KFM2020760204487,تعدي للكهرباء,
98,عمر بن الخطاب,ساجر,14/01/1447,10/7/2025,انارات داخلية – اكباس غازية,تمت المعالجة,SMR2520868032988,تشغيل مكيفات او انارة خارج اوقات الصلاة,
99,عبد الرحمن بن عوف,ساجر,07/01/1447,3/7/2025,تعدي كهرباء فلة – تعدي كهرباء مرفق مستحدث,تمت المعالجة,KFM2020766090311,تعدي للكهرباء,
100,ضيف الله حزمي,الجمش,13/01/1447,9/7/2025,تشغيل المكيفات – اكباس غازية,تمت المعالجة,AES2120896585560,تشغيل مكيفات او انارة خارج اوقات الصلاة,
101,ساجر القديم,ساجر,07/01/1447,3/7/2025,استغلال 3مرافق تابعة للجامع-دورات المياه مفتوحة,تمت المعالجة,KFM2020660126677,استغلال مرفق,
102,جامع سيف,البجادية,13/01/1477,9/7/2025,تشغيل المكيفات – اكباس غازية,تمت المعالجة,KFM2120660252064,تشغيل مكيفات او انارة خارج اوقات الصلاة,
103,محمد بداح,مصدة,14/01/1447,10/7/2025,اكباس غازية,تمت المعالجة,KFM2020760051317,تشغيل مكيفات او انارة خارج اوقات الصلاة,
104,مسجد الديرية,ساجر,11/01/1447,7/7/2025,تشغيل مكيفات – اكباس غازية,تمت المعالجة,KFM2120660241412,تشغيل مكيفات او انارة خارج اوقات الصلاة,
105,مسجد هويلة ,الدوادمي /,07/01/1447,3/7/2025,اكباس غازية – تشغيل مكيفات,تمت المعالجة,KFM2020660189662,تشغيل مكيفات او انارة خارج اوقات الصلاة,
106,جامع قرية الروسان,الدوادمي,06/01/1447,2/7/2025,تشغيل المكيفات – اكباس غازية – دورات المياه مفتوحة – استغلال نرفق,تمت المعالجة,KFM2120660253514,استغلال مرفق,
107,جامع العمارية,الجمش,14/01/1447,10/7/2025,اكباس غازية – برادات مياه,تمت المعالجة,SMR2220661011884,تشغيل مكيفات او انارة خارج اوقات الصلاة,
108,مسجد الإساعد,ساجر,07/01/1447,3/7/2025,اكباس غازية عدم اغلاق دورات المياه,تمت المعالجة,KFM2020660202855,تشغيل مكيفات او انارة خارج اوقات الصلاة,
109,جامع الرفيعة,ساجر,07/01/1447,3/7/2025,اكباس غازية – انارات خارجية – عدم اغلاق المسجد,تمت المعالجة,KFM2020660204489,تشغيل مكيفات او انارة خارج اوقات الصلاة,
110,مسجد خالد بن الوليد,الجمش,14/01/1447,10/7/2025,اكباس غازية – تشغيل مكيفات –عدم اغلاق المسجد,تمت المعالجة,KFM2020660172903,تشغيل مكيفات او انارة خارج اوقات الصلاة,
111,جامع الرفائع الجمش,الجمش,14/01/1447,10/7/2025,تشغيل مكيفات – اكباس غازية,تمت المعالجة,KFM2020660172831,تشغيل مكيفات او انارة خارج اوقات الصلاة,
112,مسجد الشايع,الدوادمي,06/01/1447,2/7/2025,تشغيل مكيفات – اكباس غازية,تمت المعالجة,KFM2020660172444,تشغيل مكيفات او انارة خارج اوقات الصلاة,
113,جامع الرفائع الدسمة,الدوادمي,06/01/1447,2/7/2025,تعدي كهرباء سحب سلك – تشغيل مكيفات,تمت المعالجة,SMR2020850103386,تعدي للكهرباء,
114,مسجد محمد بن عبد الله,الدوادمي,07/01/1447,3/7/2025,تشغيل مكيفات – اكباس غازية,تمت المعالجة,KFM2020660176323,تشغيل مكيفات او انارة خارج اوقات الصلاة,
115,مصلط الشيباني,الدوادمي,07/01/1447,3/7/2025,تشغيل مكيفات – اكباس غازية,تمت المعالجة,KFM2120660241438,تشغيل مكيفات او انارة خارج اوقات الصلاة,
116,جامع الفيحاء,الدوادمي,06/01/1447,2/7/2025,تشغيل مكيفات – انارات خارجية,تمت المعالجة,KFM2020660195908,تشغيل مكيفات او انارة خارج اوقات الصلاة,
117,إبراهيم العتاني,الدوادمي,07/01/1447,3/7/2025,تشغيل مكيفات – انارات خارجية – دورت المياه مفتوحة,تمت المعالجة,SMR2020850055553,تشغيل مكيفات او انارة خارج اوقات الصلاة,
118,مسجد الخفيفة,ساجر,11/01/1447,7/7/2025,تشغيل مكيفات – انارات داخلية خارجية – دورت المياه مفتوحة,تمت المعالجة,KFM2020660210709,تشغيل مكيفات او انارة خارج اوقات الصلاة,
119,مسجد التقوى,ساجر,11/01/1447,7/7/2025,استحداث مرفق – انارات داخلية خارجية,تمت المعالجة,KFM2020660204407,تشغيل مكيفات او انارة خارج اوقات الصلاة,
120,مسجد البدرانية,ساجر,11/01/1447,7/7/2025,تعدي كهرباء بيت واعمدة انارة وحديقة,تمت المعالجة,AES2020896454948,تعدي للكهرباء,
121,جامع العلوات,الجمش,15/01/1447,11/7/2025,تعدي كهرباء بيت – تشغيل مكيفات – انارات الخارجية,تمت المعالجة,AES2020896377700,تعدي للكهرباء,
122,جامع النعيمي,ساجر,11/01/1447,7/7/2025,استغلال مرفق – اكباس غازية,تمت المعالجة,ECC2320831055029,استغلال مرفق,
123,مسجد لا يحمل اسم,الجمش,15/01/1447,11/7/2025,استغلال مرفق – اكباس غازية,تمت المعالجة,AES2020896450558,استغلال مرفق,
124,جامع ضيف الله,ساجر,11/01/1447,7/7/2025,استغلال مرفق – تشغيل مكيفات – انارات,تمت المعالجة,KFM2020660204417,استغلال مرفق,
125,مسجد لا يحمل اسم,رطاوي الرقص ساجر,11/01/1447,7/7/2025,اكباس غازية – تشغيل مكيفات,تمت المعالجة,KFM2020660208413,تشغيل مكيفات او انارة خارج اوقات الصلاة,
126,جامع المسعد,ساجر,11/01/1447,7/7/2025,استغلال مرفق – تشغيل مكيفات – اكباس غازية,تمت المعالجة,KFM202066020481,استغلال مرفق,
127,جامع البرود,ساجر,08/01/1447,4/7/2025,استغلال مرفق – تشغيل مكيفات – اكباس غازية – تحلية مياه صغيرة,تمت المعالجة,KFM2020766085501,استغلال مرفق,
128,مسجد ضيف الله,عروى,09/01/1447,5/7/2025,تشغيل اكباس غازية ولد,تمت المعالجة,KFM2020766133975,تشغيل مكيفات او انارة خارج اوقات الصلاة,
129,مطر المرشدي,الجمش,15/01/1447,11/7/2025,تعدي كهرباء تشغيل اكباس,تمت المعالجة,MMF2420801694461,تعدي للكهرباء,
130,جامع الصديق,عسيلة/البجادية,15/01/1447,11/7/2025,تعدي كهرباء من قبل مرفق,تمت المعالجة,MMF2420801282934,تعدي للكهرباء,
131,مسجد هجرة الذيابية,الذيابية/الدوادمي,08/01/1447,4/7/2025,عدم اغلاق المسجد–تشغيل انارات,تمت المعالجة,AEC2120896579381,تشغيل مكيفات او انارة خارج اوقات الصلاة,
132,مسجد العدوة,العدوة,08/01/1447,4/7/2025,اكباس غازية-تشغيل مكيفات – مرفق,تمت المعالجة,AES2120896610157,تشغيل مكيفات او انارة خارج اوقات الصلاة,
133,جامع حسين خضران,ساجر,11/01/1447,7/7/2025,تشغيل مكيفات – اكباس غازية انارات,تمت المعالجة,KFM2020660123162,تشغيل مكيفات او انارة خارج اوقات الصلاة,
134,مسجد القاع,ساجر,07/01/1447,3/7/2025,تعدي كهرباء عدد 10 أعمدة انارة,تمت المعالجة,AES2120896591647,تعدي للكهرباء,
135,مسجد الثمالة,الجمش,15/01/1447,11/7/2025,تشغيل انارات – اكباس غازية,تمت المعالجة,AES2020896471398,تشغيل مكيفات او انارة خارج اوقات الصلاة,
136,مسجد لا يحمل اسم,العرجاء,15/01/1447,11/7/2025,تشغيل المكيفات-اكباس غازية,تمت المعالجة,SMR2020850038827,تشغيل مكيفات او انارة خارج اوقات الصلاة,
137,جامع العبل,الجمش,14/01/1447,10/7/2025,تشغيل مكيفات – انارات – اكباس غازية,تمت المعالجة,KFM2020660223755,تشغيل مكيفات او انارة خارج اوقات الصلاة,
138,مسجد لا يحمل اسم,البجادية,12/01/1447,8/7/2025,تشغيل مكيفات-انارات – اكباس غازية,تمت المعالجة,MMF2420801307039,تشغيل مكيفات او انارة خارج اوقات الصلاة,
139,مسجد لا يحمل اسم,المستجدة/الجمش,12/01/1447,8/7/2025,تعدي كهرباء الى بيت –اكباس لد-تشغيل المكيفات,تمت المعالجة,AEC2020830293597,تعدي للكهرباء,
140,مسجد المحيميد,البجاديةالدوادمي,12/01/1447,8/7/2025,اكباس لد – عدم اغلاق دورات المياه,تمت المعالجة,KFM2120660238372,تشغيل مكيفات او انارة خارج اوقات الصلاة,
141,جامع القرين,الجمش الدوادمي,12/01/1447,8/7/2025,اكباس غازية – عدم اغلاق دورات المياه,تمت المعالجة,KFM2020660171136,تشغيل مكيفات او انارة خارج اوقات الصلاة,
142,مسجد لا يحمل اسم,نفي الدوادمي,15/01/1447,11/7/2025,اكباس غازية – عدم اغلاق المسجد – تشغيل المكيفات,تمت المعالجة,,تشغيل مكيفات او انارة خارج اوقات الصلاة,
143,جامع ابن تيمة,نفي الدوادمي,14/01/1447,10/7/2025,تشغيل المكيفات – عدم اغلاق المسجد – اكباس غازية,تمت المعالجة,KFM2020660233540,تشغيل مكيفات او انارة خارج اوقات الصلاة,
144,جامع الملك سلمان,البجاديةالدوادمي,12/01/1447,8/7/2025,عدم اغلاق المسجد – اكباس غازية –بردات مياه – تشغيل مكيفات-ثلاجات بريد,تمت المعالجة,KFM2020660212316,تشغيل مكيفات او انارة خارج اوقات الصلاة,
145,جامع عبلة الغويري,الجمش الدوادمي,13/01/1447,9/7/2025,اكباس لد-كشافات على الجدار,تمت المعالجة,KFM2020660171135,تشغيل مكيفات او انارة خارج اوقات الصلاة,
146,مسجد حمود النفيعي,مركز عرجا,12/01/1447,8/7/2025,اكباس - تكييف,تمت المعالجة,KFM2120660252072,تشغيل مكيفات او انارة خارج اوقات الصلاة,
147,جامع الحيد,مركز الحيد,14/01/1447,10/7/2025,اكباس – انارات – عدم اغلاق الجامع - تكييف,تمت المعالجة,KFM2020660223805,تشغيل مكيفات او انارة خارج اوقات الصلاة,
148,جامع عين البراحه,الجمش,14/01/1447,10/7/2025,كشافات- اكباس- التكييف- عدم اغلاق المسجد – عدم اغلاق دورات المياه,تمت المعالجة,SMR2220661011248,تشغيل مكيفات او انارة خارج اوقات الصلاة,
149,مسجد بدون اسم,الجمش,13/01/1447,9/7/2025,انارات – التكييف – اكباس –عدم اغلاق المسجد – دورات مياه مفتوحه-توصيل الكهرباء لبركس بجوار الجامع,تمت المعالجة,KFM2020766086171,تعدي للكهرباء,
150,مسجد بدون اسم,هجرة القرين-الجمش,13/01/1447,9/7/2025,انارات داخليه وخارجية- تكييف – عدم اغلاق المسجد,تمت المعالجة,AES2020896450558,تشغيل مكيفات او انارة خارج اوقات الصلاة,
151,مسجد بدون اسم,هجرة القرين-الجمش,13/01/1447,9/7/2025,اكباس – انارات داخل المسجد,تمت المعالجة,AES2120896610491,تشغيل مكيفات او انارة خارج اوقات الصلاة,
152,مسجد بدون اسم,مركز نفي,15/01/1447,11/7/2025,كشاف في سرحه المسجد- انارات- التكييف –عدم اغلاق دورات المياه,تمت المعالجة,KFM2020766102316,تشغيل مكيفات او انارة خارج اوقات الصلاة,
153,مسجد ام محمد,الرياض –طويق,04/02/1447,29/07/2025,اكباس لد – انارات دورات المياه,تمت المعالجة,KFM2020660043886,تشغيل مكيفات او انارة خارج اوقات الصلاة,
154,مسجد ال محارب,مركز ملهم,07/02/1447,1/8/2025,اكباس - تكييف,تحت الإجراء,KFM2120660244134,تشغيل مكيفات او انارة خارج اوقات الصلاة,
155,جامع أبو بكر الصديق,مركز ملهم,07/02/1447,1/8/2025,اكباس- انارات – التكييف – برادة مياه كبيره,تحت الإجراء,KFM2120660244139,تشغيل مكيفات او انارة خارج اوقات الصلاة,
156,مسجد الدعيلج,مركز القرينة – حريملاء,07/02/1447,1/8/2025,انارات داخليه وخارجية – التكييف- اكباس – عدم اغلاق مصلى النساء,تحت الإجراء,ECC2020811047005,تشغيل مكيفات او انارة خارج اوقات الصلاة,
157,مسجد العبدلية,هجرةالعبدليةحريملاء,06/02/1447,31/07/2025,تعدي كهرباء من قبل بيت,تمت المعالجة,ECC2020811090526,تعدي للكهرباء,
158,جامع عبدالله بن مسعود,حريملاء-مركز البره,06/02/1447,31/07/2025,تعدي كهرباء عامود انارة,تمت المعالجة,KFM2120660284447,تعدي للكهرباء,
159,جامع العرنوس,حريملاء,07/02/1447,1/8/2025,ارتباط دار نسائية,تمت المعالجة,KFM2120660240920,استغلال مرفق,
160,جامع العجمي,حريملاء,07/02/1447,1/8/2025,تعدي كهرباء ملك خاص,تمت المعالجة,SMR2320661022934,تعدي للكهرباء,
161,مسجد الربوة,وادي عصيل – الرويضة,02/02/1447,27/07/2025,تعدي بيت,تمت المعالجة,AES2120896586369,تعدي للكهرباء,
162,جامع وادي عصيل,وادي عصيل-الرويضة,02/02/1447,27/07/2025,اكباس – تكييف عدم اغلاق الجامع,تمت المعالجة,KFM2020660192488,تشغيل مكيفات او انارة خارج اوقات الصلاة,
163,مسجد محمد الهويمل,القويعية,02/02/1447,27/07/2025,تعدي كهباء من قبل استراحه,تمت المعالجة,AEC2020830325385,تعدي للكهرباء,
164,مسجد ال طراد,الفويلق -القويعية,29/01/1447,24/07/2025,تعدي كهرباء بيت,تمت المعالجة,AES2020896158806,تعدي للكهرباء,
165,مسجد نايف العتيبي,المزاحمية,28/01/1447,23/07/2025,تعدي كهرباء مزرعة,تمت المعالجة,KFM2020760203347,تعدي للكهرباء,
166,مسجد يقع في مزرعة,الجلة القويعية,02/02/1447,27/07/2025,تعدي كهرباء مزرعة,تمت المعالجة,AEC2020830568665,تعدي للكهرباء,
167,مصلى العيد,القويعية,29/01/1447,24/07/2025,تعدي كهرباء حديقة,تمت المعالجة,SMR2020850089100,تعدي للكهرباء,
168,عثمان بن عفان,القويعية,29/01/1447,24/07/2025,تشغيل مكيفات – استغلال مرفق – انارات,تمت المعالجة,KFM2120660241031,استغلال مرفق,
169,جامع ال مليسان,الجلة القويعية,28/01/1447,23/07/2025,استغلال مرفق – تشغيل مكيفات,تمت المعالجة,KFM2020660227533,استغلال مرفق,
170,جامع حلاة الجلة,الجلة القويعية,28/01/1447,23/07/2025,وجود اكباس غازية – مغسلة اموات,تمت المعالجة,KFM2020660209326,تشغيل مكيفات او انارة خارج اوقات الصلاة,
171,مسجد واسط,واسط مرات,28/01/1447,23/07/2025,تشغيل مكيفات – اكباس غازية,تمت المعالجة,KFM2020766122226,تشغيل مكيفات او انارة خارج اوقات الصلاة,
172,جامع الهمجة,الهمجة مرات,28/01/1447,23/07/2025,تشغيل مكيفات – اكباس غازية,تمت المعالجة,KFM2120660267491,تشغيل مكيفات او انارة خارج اوقات الصلاة,
173,جامع ال وهطان,الفويلق القويعية,28/01/1447,23/07/2025,تشغيل مكيفات – اكباس غازية,تمت المعالجة,KFM2120660240350,تشغيل مكيفات او انارة خارج اوقات الصلاة,
174,جامع حمد بن سليمان,القويعية,29/01/1447,24/07/2025,تشغيل مكيفات – مرفق العامل,تمت المعالجة,KFM2020660167711,مستغلة من قبل العمالة,
175,جامع أبو سليم,القويعية,29/01/1447,24/07/2025,تشغيل مكيفات – استغلال مرفق,تمت المعالجة,KFM2020660190629,استغلال مرفق,
176,جامع ال مطرف,وادي الدواسر,21/01/1447,17/07/2025,تشغيل مكيفات – انارات,تمت المعالجة,KFM2020660212686,تشغيل مكيفات او انارة خارج اوقات الصلاة,
177,محطة ال هدلا,وداي الدواسر,21/01/1447,17/07/2025,تشغيل مكيفات – انارات,تمت المعالجة,MMF2020800311315,تشغيل مكيفات او انارة خارج اوقات الصلاة,
178,جامع الشرافي,وداي الدواسر,20/01/1447,16/07/2025,تشغيل مكيفات – انارات,تمت المعالجة,KFM2020660174600,تشغيل مكيفات او انارة خارج اوقات الصلاة,
179,جامع الخماسين,وداي الدواسر,20/01/1447,16/07/2025,تعدي كهرباء غطاس – تشغيل مكيفات,تمت المعالجة,MMF2020800310729,تعدي للكهرباء,
180,مسجد منير,وداي الدواسر,21/01/1447,17/07/2025,تشغيل مكيفات – انارات,تمت المعالجة,MMF2020800259524,تشغيل مكيفات او انارة خارج اوقات الصلاة,
181,مسجد مترك,وداي الدواسر,20/01/1447,16/07/2025,تشغيل مكيفات – انارات,تمت المعالجة,AEC2020830323574,تشغيل مكيفات او انارة خارج اوقات الصلاة,
182,مسجد لا يحمل اسم,وداي الدواسر,20/01/1447,16/07/2025,تشغيل مكيفات – انارات,تمت المعالجة,ECC2320831067324,تشغيل مكيفات او انارة خارج اوقات الصلاة,
183,مسجد ال فايزة,وداي الدواسر,20/01/1447,16/07/2025,تشغيل مكيفات – انارات,تمت المعالجة,KFM2120660259982,تشغيل مكيفات او انارة خارج اوقات الصلاة,
184,محمد بن فهيد,وداي الدواسر,20/01/1447,16/07/2025,استغلال مصلى النساء وتحويلة الى سكن – اكباس,تمت المعالجة,AEC2020830311360,مستغلة من قبل العمالة,
185,جامع كمدة,وداي الدواسر,20/01/1447,16/07/2025,تشغيل مكيفات – انارات,تمت المعالجة,KFM2120660247622,تشغيل مكيفات او انارة خارج اوقات الصلاة,
186,جامع الخالدية,وداي الدواسر,20/01/1447,16/07/2025,تشغيل مكيفات – انارات,تمت المعالجة,KFM2020660174599,تشغيل مكيفات او انارة خارج اوقات الصلاة,
187,جامع مران,وداي الدواسر,20/01/1447,16/07/2025,تشغيل مكيفات – انارات,تمت المعالجة,KFM2020660174657,تشغيل مكيفات او انارة خارج اوقات الصلاة,
188,مسجد مريس,وداي الدواسر,20/01/1447,16/07/2025,تشغيل مكيفات – انارات,تمت المعالجة,KFM2020660206050,تشغيل مكيفات او انارة خارج اوقات الصلاة,
189,مسجد أسامة بن زيد,وداي الدواسر,20/01/1447,16/07/2025,تشغيل مكيفات – انارات,تمت المعالجة,KFM2020660177857,تشغيل مكيفات او انارة خارج اوقات الصلاة,
190,مسجد ال صمعان,وداي الدواسر,20/01/1447,16/07/2025,تشغيل مكيفات – انارات,تمت المعالجة,KFM2020660174703,تشغيل مكيفات او انارة خارج اوقات الصلاة,
191,مسجد ال وذيلة,وداي الدواسر,20/01/1447,16/07/2025,تشغيل مكيفات – انارات,تمت المعالجة,KFM2020760181897,تشغيل مكيفات او انارة خارج اوقات الصلاة,
192,مسجد الصافي,وداي الدواسر,20/01/1447,16/07/2025,تشغيل مكيفات – انارات,تمت المعالجة,KFM2120660263478,تشغيل مكيفات او انارة خارج اوقات الصلاة,
193,مسجد الخماسين الشمالي,وداي الدواسر,20/01/1447,16/07/2025,تشغيل مكيفات – انارات,تمت المعالجة,KFM2020660177858,تشغيل مكيفات او انارة خارج اوقات الصلاة,
194,مسجد الجويعد,وداي الدواسر,20/01/1447,16/07/2025,تشغيل مكيفات – انارات,تمت المعالجة,SMR2220661004530,تشغيل مكيفات او انارة خارج اوقات الصلاة,
195,مسجد ال حصوان,وداي الدواسر,20/01/1447,16/07/2025,عدم اغلاق دورات المياه – انارات,تمت المعالجة,KFM2020660212775,تشغيل مكيفات او انارة خارج اوقات الصلاة,
196,جامع محمد علوش,وداي الدواسر,20/01/1447,16/07/2025,تشغيل مكيفات – انارات,تمت المعالجة,KFM2120660247670,تشغيل مكيفات او انارة خارج اوقات الصلاة,
197,جامع سوق النويعمة,وداي الدواسر,20/01/1447,16/07/2025,تشغيل مكيفات – انارات,تمت المعالجة,KFM2020660174594,تشغيل مكيفات او انارة خارج اوقات الصلاة,
198,مسجد مبارك ال شعيل,وداي الدواسر,20/01/1447,16/07/2025,تشغيل مكيفات – انارات,تمت المعالجة,KFM2020660223663,تشغيل مكيفات او انارة خارج اوقات الصلاة,
199,جامع الادام,وداي الدواسر,20/01/1447,16/07/2025,تشغيل مكيفات – انارات,تمت المعالجة,KFM2020660176056,تشغيل مكيفات او انارة خارج اوقات الصلاة,
200,جامع ال رمضة,وداي الدواسر,20/01/1447,16/07/2025,تشغيل المكيفات,تمت المعالجة,,تشغيل مكيفات او انارة خارج اوقات الصلاة,
201,جامع ال تميم,وداي الدواسر,20/01/1447,16/07/2025,تشغيل مكيفات – انارات,تمت المعالجة,,تشغيل مكيفات او انارة خارج اوقات الصلاة,
202,جامع ال محيش,وداي الدواسر,20/01/1447,16/07/2025,اكباس غازية – استغلال مرفق,تمت المعالجة,KFM2020660212721,استغلال مرفق,
203,مسجد ال طنف القرنين,وداي الدواسر,21/01/1447,17/07/2025,تعدي كهرباء فلتين داخل ملك خاص,تمت المعالجة,KFM2120660247687,تعدي للكهرباء,
204,جامع محمد بن صقر,وداي الدواسر,21/01/1447,17/07/2025,تعدي قصر,تمت المعالجة,KFM2020660176030,تعدي للكهرباء,
205,عداد على منزل حي العزيزية (النويعمة),وداي الدواسر,21/01/1447,17/07/2025,عداد يقع على منزل وتشغيلة بشكل كامل,تمت المعالجة,,استغلال مرفق,
206,مسجد محطة الفنار(السلام),وداي الدواسر,21/01/1447,17/07/2025,مسجد يقع داخل محطة,تمت المعالجة,MMF2020800299662,أخرى,
207,مسجد محطة بترو ون,وداي الدواسر,21/01/1447,17/07/2025,مسجد يقع داخل محطة,تمت المعالجة,ECC2020810917709,أخرى,
208,مسجد أل كهف,وداي الدواسر,21/01/1447,17/07/2025,تعدي بيت دورين,تمت المعالجة,MMF2020800259580,تعدي للكهرباء,
209,مسجد أل نابي,وداي الدواسر,21/01/1447,17/07/2025,تعدي بيت شعبي,تمت المعالجة,KFM2120660272267,تعدي للكهرباء,
210,مسجد أل هدران,وداي الدواسر,21/01/1447,17/07/2025,إرتباط سكن منسوبين - تعدي من عمارة قيد الإنشاء,تمت المعالجة,KFM2020660206130,تعدي للكهرباء,
211,مسجد السويدان,وداي الدواسر,21/01/1447,17/07/2025,تعدي كهرباء من قبل فله وخيمة وبركسه,تمت المعالجة,AEC2020830311383,تعدي للكهرباء,
213,مسجد حي الفارسية,وداي الدواسر,21/01/1447,17/07/2025,تعدي فله داخل ملك خاص,تمت المعالجة,MMF2020800259538,تعدي للكهرباء,
214,مسجد حي برزان,وداي الدواسر,21/01/1447,17/07/2025,تعدي فلتين,تمت المعالجة,AEC2020830311436,تعدي للكهرباء,
215,مسجد مبارك أل حنيان,وداي الدواسر,21/01/1447,17/07/2025,تعدي فله,تمت المعالجة,AEC2020830242719,تعدي للكهرباء,
216,مسجد فرج أبوسنيه,وداي الدواسر,21/01/1447,17/07/2025,تعدي 4 فلل – تعدي فله قيد الإنشاء,تمت المعالجة,KFM2020760204251,تعدي للكهرباء,
217,جامع ابالرحي,محيرقة- القويعية,02/03/1447,26/08/2025,تعدي غطاس,تمت المعالجة,KFM2020766149366,تعدي للكهرباء,
218,مسجد البيز,نخيلان - القويعية,02/03/1447,26/08/2025,استحداث مرفق –تشغيل مكيفات وانارات,تمت المعالجة,KFM2020766149366,تشغيل مكيفات او انارة خارج اوقات الصلاة,
219,مسجد محطة الاتحاد ,عفيف ,02/03/1447,26/08/2025,تعدي كهرباء أعمدة,تمت المعالجة,KFM2120660264989,تعدي للكهرباء,
220,جامع دباس العتيبي,عفيف,02/03/1447,26/08/2025,ارتباط دار تحفيظ,تمت المعالجة,KFM2020660233525,استغلال مرفق,
221,مصلى قزعان المرشدي,عفيف,02/03/1447,26/08/2025,تعدي فيلا ,تمت المعالجة,AES2120896535923,تعدي للكهرباء,
222,جامع المصيفقية,عفيف,03/03/1447,27/08/2025,تعدي مبنى مستحدث,تمت المعالجة,KFM2020766084686,تعدي للكهرباء,
223,مسجد السويد,القويعية- سنام,03/03/1447,27/08/2025,تعدي كهرباء دينمو ,تمت المعالجة,AES2120896563503,تعدي للكهرباء,
224,مسجد أبو فيصل ,الرياض- النرجس,05/03/1447,29/08/2025,تعدي أعمدة إنارة,تمت المعالجة,KFM2020660190358,تعدي للكهرباء,
225,مسجد النميص,صبحاء – القويعية,04/03/1447,28/08/2025,تعدي مياه دينمو,تمت المعالجة,KFM2020660192438,تعدي للكهرباء,
226,جامع عبدالله الوهيبي ,الرياض – النفل,10/03/1447,3/9/2025,عداد على مدرسة تحفيظ,تمت المعالجة,SMR2220661011767,استغلال مرفق,
227,مسجد الخفق القديم,هجرة النطاش- القويعية,16/03/1447,9/9/2025,تعدي كهرباء فلتين,تمت المعالجة,AES2020896459702,تعدي للكهرباء,
228,جامع الخفق الجنوبي,هجرة الخفق – القويعية,16/03/1447,9/9/2025,تعدي أعمدة إنارة,تمت المعالجة,KFM2020660228311,تعدي للكهرباء,
229,جامع الروضة,الجله وتبراك – القويعية,16/03/1447,9/9/2025,أكباس - التكييف,تمت المعالجة,,تشغيل مكيفات او انارة خارج اوقات الصلاة,
230,مسجد هجرة البيان,الجله – القويعية,16/03/1447,9/9/2025,تعدي كهرباء من بيت,تمت المعالجة,KFM202076675756,تعدي للكهرباء,
231,مسجد شريفة الجلعود,الرياض- الوادي,23/03/1447,16/09/2025,تعدي كهرباء بيت منسوب,تمت المعالجة,KFM2020660211383,تعدي للكهرباء,
232,مسجد علي الفايز,تمير,24/03/1447,17/09/2025,تعدي كهرباء ومياه,تحت الإجراء,KFM2020766034106,تعدي للكهرباء,
233,جامع احمد محمد الفايز,تمير,24/03/1447,17/09/2025,إنارات – التكييف ,تحت الإجراء,KFM2020660209951,تشغيل مكيفات او انارة خارج اوقات الصلاة,
234,مسجد ضيف الله الهريسان,الأرطاوية- المجمعة,25/03/1447,18/09/2025,تعدي كهرباء ومياه مرفق مستحدث,تحت الإجراء,ESS2020811051566,تعدي للكهرباء,
235,محطة ناصر الضاوي,المجمعة,25/03/1447,18/09/2025,عداد على مسجد مهجور,تحت الإجراء,ECC2020810690837,استغلال مرفق,
236,مسجد الشيخ صالح العواد,,جلاجل,26/03/1447,19/09/2025,عدم إغلاق دورات المياه,تحت الإجراء,AES2020896447533,تشغيل مكيفات او انارة خارج اوقات الصلاة
237,جامع ناصر محمد التركي,جلاجل,26/03/1447,19/09/2025,تشغيل الإنارات الخارجية,تحت الإجراء,SMR2420761037999,تشغيل مكيفات او انارة خارج اوقات الصلاة,
238,جامع جوي,مركز جوي,26/03/1447,19/09/2025,تشغيل الانارات الخارجية,تحت الاجراء,KFM2020660226049,تشغيل مكيفات او انارة خارج اوقات الصلاة,
239,جامع سليمان محمد الفعيم,الارطاوية,26/03/1447,19/09/2025,تشغيل الاكباس الخارجية,تحت الإجراء,KFM2020660192448,تشغيل مكيفات او انارة خارج اوقات الصلاة,
240,مسجد عقبة بن نافع,الارطاوية,26/03/1447,19/09/2025,ارتباط مغسلة أموات مع المسجد,تحت الاجراء,KFM2020766154310,أخرى,
241,جامع عثمان بن عفان,الارطاوية,26/03/1447,19/09/2025,تشغيل الانارات الخارجية,تحت الاجراء,KFM2020660188300,تشغيل مكيفات او انارة خارج اوقات الصلاة,
242,مسجد الشيخ علي بن حمد السناني,المجمعة,26/03/1447,19/09/2025,تشغيل الانارات الخارجية,تحت الاجراء,SMR2220661018311,تشغيل مكيفات او انارة خارج اوقات الصلاة,
243,جامع عبدالعزيز الحقيل,المجمعة,26/03/1447,19/09/2025,تشغيل الانارات الخارجية,تحت الاجراء,KFM2120655001336,تشغيل مكيفات او انارة خارج اوقات الصلاة,
244,مسجد بدون اسم,المجمعة,26/03/1447,19/09/2025,تشغيل الاكباس الخارجية,تحت الاجراء,KFM2020760020374,تشغيل مكيفات او انارة خارج اوقات الصلاة,
245,مسجد حمد الدهش,المجمعة,26/03/1447,19/09/2025,تشغيل التكييف,تحت الاجراء,KFM2120660241095,تشغيل مكيفات او انارة خارج اوقات الصلاة,
246,جامع منيرة التويجري,المجمعة,26/03/1447,19/09/2025,تشغيل انارات سرحة الجامع,تحت الاجراء,KFM2020660210009,تشغيل مكيفات او انارة خارج اوقات الصلاة,
247,جامع عثمان بن عفان,المجمعة,26/03/1447,19/09/2025,تشغيل الانارات في سرحة الجامع,تحت الاجراء,KFM2020660200573,تشغيل مكيفات او انارة خارج اوقات الصلاة,
248,جامع الشيخ عبدالعزيز الربيعة,المجمعة,26/03/1447,19/09/2025,تشغيل كشافات في سرحة الجامع,تحت الاجراء,KFM2020660225947,تشغيل مكيفات او انارة خارج اوقات الصلاة,
249,جامع الكبير ,المجمعة,26/03/1447,19/09/2025, تشغيل التكييف والإنارات الخارجية ,تحت الاجراء,KFM2020660225265,تشغيل مكيفات او انارة خارج اوقات الصلاة,
250,مسجد لطيفة بنت علي الحسينان,حريملاء ,25/03/1447,18/09/2025,تشغيل الانارات الخارجية,تحت الاجراء,KFM2020760160112,تشغيل مكيفات او انارة خارج اوقات الصلاة,
251,مسجد محمد بن صالح بن عثيمين,تمير,25/03/1447,18/09/2025,تشغيل التكييف,تحت الاجراء,,تشغيل مكيفات او انارة خارج اوقات الصلاة,
252,جامع احمد بن محمد الفايز,تمير,25/03/1447,18/09/2025,تشغيل الانارات الداخلية والتكييف,تحت الاجراء,KFM2020660209951,تشغيل مكيفات او انارة خارج اوقات الصلاة,
253,جامع محمد المانع,تمير,25/03/1447,18/09/2025,تشغيل التكييف,تحت الاجراء,KFM202066019578,تشغيل مكيفات او انارة خارج اوقات الصلاة,
254,جامع الديرة ,تمير,25/03/1447,18/09/2025,تشغيل الانارات الداخلية والتكييف,تحت الاجراء,KFM2020660195715,تشغيل مكيفات او انارة خارج اوقات الصلاة,
255,جامع المنهاج الصناعية,تمير,25/03/1447,18/09/2025,عدم اغلاق دورات المياه,تحت الاجراء,KFM2020660150429,تشغيل مكيفات او انارة خارج اوقات الصلاة,
256,مسجد بدون اسم ,عشيرة سدير,25/03/1447,18/09/2025,تشغيل الانارات الداخلية والخارجية والتكييف وعدم اغلاق دورات المياه,تحت الاجراء,ECC2420831023882,تشغيل مكيفات او انارة خارج اوقات الصلاة,
257,جامع الخليفة أبو بكر الصديق,الخطامة,25/03/1447,18/09/2025,تشغيل الانارات الخارجية والتكييف,تحت الاجراء,KFM2120660273515,تشغيل مكيفات او انارة خارج اوقات الصلاة,
258,جامع عودة سدير,عودة سدير,25/03/1447,18/09/2025,تشغيل الانارات والتكييف,تحت الاجراء,KFM2020660210582,تشغيل مكيفات او انارة خارج اوقات الصلاة,
259,جامع الشهيد احمد السيف,حوطة سدير,25/03/1447,18/09/2025,تشغيل الانارات الخارجية,تحت الاجراء,KFM2020660210700,تشغيل مكيفات او انارة خارج اوقات الصلاة,
260,مسجد ابن قدامة ,روضة سدير,25/03/1447,18/09/2025,تشغيل التكييف,تحت الاجراء,KFM2020766062279,تشغيل مكيفات او انارة خارج اوقات الصلاة,
261,جامع البابطين,حوطة سدير,25/03/1447,18/09/2025,تشغيل الاكباس الخارجية الغازية,تحت الاجراء,KFM2120660279213,تشغيل مكيفات او انارة خارج اوقات الصلاة,
262,مسجد سعد التويم,حوطة سدير,25/03/1447,18/09/2025,تشغيل الاكباس الغازية الخارجية,تحت الاجراء,AES2020896450737,تشغيل مكيفات او انارة خارج اوقات الصلاة,
263,مسجد بدون اسم ,هجرة النيصية –عفيف,02/03/1447,26/08/2025,تشغيل اكباس,تمت المعالجة,AES2020896440722,تشغيل مكيفات او انارة خارج اوقات الصلاة,
264,جامع سنام,القويعية – سنام,02/03/1447,26/08/2025,وجود مرفق – مغسلة اموات,تمت المعالجة,KFM2120660238400,استغلال مرفق,
265,مسجد صوية,صوية – عفيف,02/03/1447,26/08/2025,,تمت المعالجة,KFM2020766138412,,
